2021-10-24 11:37:08,139,BT1             ,BT2             ,TT1             ,TT2             ,AT              ,X               ,Y               ,Z               ,BP1             ,BP2             ,TP1             ,TP2             ,HP              ,AP              ,PD ,PC ,HL   ,EL   ,BF   ,SF   ,PF   ,BV     ,rpm             ,State ,MissionState ,Setpoint ,Error ,Depth 
2021-10-24 11:37:08,140,Buffering (0/5) ,Buffering (0/5) ,Buffering (0/5) ,Buffering (0/5) ,Buffering (1/5) ,Buffering (0/5) ,Buffering (0/5) ,Buffering (0/5) ,Buffering (0/5) ,Buffering (0/5) ,Buffering (0/5) ,Buffering (0/5) ,Buffering (0/5) ,Buffering (1/5) ,0  ,0  ,None ,None ,None ,None ,None ,168.35 ,Buffering (0/1) ,INIT  ,IDLE         ,None     ,None  ,None  
2021-10-24 11:37:13,731,Buffering (3/5) ,Buffering (3/5) ,Buffering (2/5) ,Buffering (2/5) ,Buffering (3/5) ,Buffering (1/5) ,Buffering (1/5) ,Buffering (1/5) ,Buffering (2/5) ,Buffering (2/5) ,Buffering (2/5) ,Buffering (2/5) ,Buffering (2/5) ,Buffering (3/5) ,1.44 ,100.00 ,0  ,0  ,0  ,None ,None ,168.63 ,Buffering (0/1) ,WAIT_FOR_SENSOR_BUFFER ,IDLE         ,None     ,None  ,None  
2021-10-24 11:37:14,240,Buffering (4/5) ,Buffering (4/5) ,Buffering (3/5) ,Buffering (3/5) ,Buffering (4/5) ,Buffering (2/5) ,Buffering (2/5) ,Buffering (2/5) ,Buffering (3/5) ,Buffering (3/5) ,Buffering (3/5) ,Buffering (3/5) ,Buffering (3/5) ,Buffering (4/5) ,1.43 ,100.00 ,0  ,0  ,0  ,None ,None ,168.65 ,Buffering (0/1) ,WAIT_FOR_SENSOR_BUFFER ,IDLE         ,None     ,None  ,None  
2021-10-24 11:37:14,799,24.52 ,-42.28 ,Buffering (4/5) ,Buffering (4/5) ,24.50 ,Buffering (3/5) ,Buffering (3/5) ,Buffering (3/5) ,Buffering (4/5) ,Buffering (4/5) ,Buffering (4/5) ,Buffering (4/5) ,Buffering (4/5) ,9279.08 ,1.43 ,100.00 ,0  ,0  ,0  ,None ,None ,168.71 ,Buffering (0/1) ,WAIT_FOR_SENSOR_BUFFER ,IDLE         ,None     ,None  ,None  
2021-10-24 11:37:15,361,24.52 ,-42.27 ,24.38 ,24.45 ,24.50 ,Buffering (4/5) ,Buffering (4/5) ,Buffering (4/5) ,11.23 ,11.44 ,10.21 ,10.45 ,1174.44 ,9278.22 ,1.43 ,100.00 ,0  ,0  ,0  ,None ,None ,168.79 ,Buffering (0/1) ,WAIT_FOR_SENSOR_BUFFER ,IDLE         ,None     ,None  ,10.83 
2021-10-24 11:37:15,857,24.60 ,24.02 ,24.07 ,24.16 ,24.53 ,Buffering (4/5) ,Buffering (4/5) ,Buffering (4/5) ,11.23 ,11.44 ,10.20 ,10.45 ,1174.46 ,9275.54 ,1.43 ,100.00 ,0  ,0  ,0  ,None ,None ,168.75 ,Buffering (0/1) ,WAIT_FOR_SENSOR_BUFFER ,IDLE         ,None     ,None  ,10.83 
2021-10-24 11:37:16,385,24.60 ,24.02 ,24.07 ,24.17 ,24.53 ,-0.01 ,-0.01 ,0.00 ,11.23 ,11.44 ,10.20 ,10.45 ,1174.34 ,9275.16 ,1.43 ,100.00 ,0  ,0  ,0  ,None ,None ,168.82 ,Buffering (0/1) ,WAIT_FOR_SENSOR_BUFFER ,IDLE         ,None     ,None  ,10.83 
2021-10-24 11:37:16,946,24.60 ,24.02 ,24.06 ,24.16 ,24.53 ,-0.01 ,-0.01 ,0.00 ,11.23 ,11.44 ,10.20 ,10.45 ,1174.30 ,9274.72 ,1.43 ,100.00 ,0  ,0  ,0  ,None ,None ,168.88 ,Buffering (0/1) ,CALIBRATE_DEPTH_SENSORS ,IDLE         ,None     ,None  ,10.83 
2021-10-24 11:37:17,455,24.60 ,24.02 ,24.06 ,24.16 ,24.53 ,-0.01 ,-0.01 ,0.00 ,11.23 ,11.44 ,10.20 ,10.45 ,1174.32 ,9274.34 ,1.43 ,100.00 ,0  ,0  ,0  ,None ,None ,168.91 ,Buffering (0/1) ,CALIBRATE_DEPTH_SENSORS ,IDLE         ,None     ,None  ,0.00  
2021-10-24 11:37:18,002,24.60 ,24.01 ,24.05 ,24.16 ,24.53 ,-0.02 ,-0.01 ,0.00 ,11.23 ,11.44 ,10.20 ,10.45 ,1174.36 ,9274.00 ,1.43 ,100.00 ,0  ,0  ,0  ,None ,None ,168.97 ,Buffering (0/1) ,WAIT_FOR_WATER ,IDLE         ,None     ,None  ,0.00  
2021-10-24 11:37:18,507,24.60 ,24.02 ,24.04 ,24.17 ,24.53 ,-0.02 ,-0.01 ,0.00 ,11.23 ,11.44 ,10.20 ,10.45 ,1174.44 ,9273.44 ,1.43 ,100.00 ,0  ,0  ,0  ,None ,None ,169.04 ,Buffering (0/1) ,WAIT_FOR_WATER ,IDLE         ,None     ,None  ,0.00  
2021-10-24 11:37:19,034,24.59 ,24.01 ,24.03 ,24.17 ,24.53 ,-0.01 ,-0.01 ,0.00 ,11.23 ,11.44 ,10.20 ,10.46 ,1174.48 ,9273.10 ,1.43 ,100.00 ,0  ,0  ,0  ,None ,None ,169.00 ,Buffering (0/1) ,WAIT_FOR_WATER ,IDLE         ,None     ,None  ,0.00  
2021-10-24 11:37:19,524,24.59 ,24.01 ,24.02 ,24.17 ,24.53 ,-0.01 ,-0.01 ,0.00 ,11.23 ,11.44 ,10.20 ,10.45 ,1174.42 ,9272.68 ,1.43 ,100.00 ,0  ,0  ,0  ,None ,None ,169.09 ,Buffering (0/1) ,WAIT_FOR_WATER ,IDLE         ,None     ,None  ,0.00  
2021-10-24 11:37:20,061,24.59 ,24.02 ,24.02 ,24.17 ,24.53 ,-0.00 ,-0.00 ,0.00 ,11.23 ,11.44 ,10.20 ,10.45 ,1174.40 ,9272.44 ,1.43 ,100.00 ,0  ,0  ,0  ,None ,None ,169.03 ,Buffering (0/1) ,WAIT_FOR_WATER ,IDLE         ,None     ,None  ,0.00  
2021-10-24 11:37:20,566,24.59 ,24.02 ,24.02 ,24.16 ,24.53 ,-0.00 ,-0.00 ,0.00 ,11.23 ,11.44 ,10.20 ,10.45 ,1174.20 ,9272.08 ,1.43 ,100.00 ,0  ,0  ,0  ,None ,None ,169.15 ,Buffering (0/1) ,WAIT_FOR_WATER ,IDLE         ,None     ,None  ,0.00  
2021-10-24 11:37:21,093,24.59 ,24.02 ,24.02 ,24.16 ,24.53 ,0.00 ,0.00 ,0.00 ,11.23 ,11.44 ,10.20 ,10.45 ,1173.98 ,9271.88 ,1.43 ,100.00 ,0  ,0  ,0  ,None ,None ,169.14 ,Buffering (0/1) ,WAIT_FOR_WATER ,IDLE         ,None     ,None  ,0.00  
2021-10-24 11:37:21,606,24.58 ,24.02 ,24.02 ,24.16 ,24.53 ,0.00 ,0.00 ,0.00 ,11.23 ,11.44 ,10.20 ,10.45 ,1173.94 ,9271.58 ,1.43 ,100.00 ,0  ,0  ,0  ,None ,None ,169.13 ,Buffering (0/1) ,WAIT_FOR_WATER ,IDLE         ,None     ,None  ,0.00  
2021-10-24 11:37:22,137,24.59 ,24.02 ,24.03 ,24.16 ,24.53 ,-0.00 ,0.01 ,0.00 ,11.23 ,11.44 ,10.20 ,10.46 ,1173.96 ,9271.30 ,1.43 ,100.00 ,0  ,0  ,0  ,None ,None ,169.23 ,Buffering (0/1) ,WAIT_FOR_WATER ,IDLE         ,None     ,None  ,0.00  
2021-10-24 11:37:22,624,24.59 ,24.02 ,24.03 ,24.15 ,24.53 ,-0.00 ,0.01 ,0.00 ,11.23 ,11.44 ,10.20 ,10.46 ,1174.10 ,9270.86 ,1.43 ,100.00 ,0  ,0  ,0  ,None ,None ,169.25 ,Buffering (0/1) ,WAIT_FOR_WATER ,IDLE         ,None     ,None  ,0.00  
2021-10-24 11:37:23,148,24.59 ,24.02 ,24.03 ,24.15 ,24.53 ,0.00 ,0.00 ,0.00 ,11.23 ,11.44 ,10.20 ,10.45 ,1174.16 ,9270.64 ,1.43 ,100.00 ,0  ,0  ,0  ,None ,None ,169.26 ,Buffering (0/1) ,WAIT_FOR_WATER ,IDLE         ,None     ,None  ,0.00  
2021-10-24 11:37:23,721,24.59 ,24.02 ,24.03 ,24.14 ,24.53 ,0.00 ,0.00 ,0.00 ,11.23 ,11.44 ,10.20 ,10.46 ,1174.30 ,9270.24 ,1.43 ,100.00 ,0  ,0  ,0  ,None ,None ,169.35 ,Buffering (0/1) ,WAIT_FOR_WATER ,IDLE         ,None     ,None  ,0.00  
2021-10-24 11:37:24,267,24.59 ,24.02 ,24.04 ,24.14 ,24.53 ,-0.00 ,-0.00 ,0.00 ,11.23 ,11.44 ,10.20 ,10.46 ,1174.42 ,9269.82 ,1.43 ,100.00 ,0  ,0  ,0  ,None ,None ,169.37 ,Buffering (0/1) ,WAIT_FOR_WATER ,IDLE         ,None     ,None  ,0.00  
2021-10-24 11:37:24,776,24.59 ,24.02 ,24.04 ,24.14 ,24.53 ,-0.00 ,-0.00 ,0.00 ,11.23 ,11.44 ,10.20 ,10.46 ,1174.34 ,9269.52 ,1.43 ,100.00 ,0  ,0  ,0  ,None ,None ,169.39 ,Buffering (0/1) ,WAIT_FOR_WATER ,IDLE         ,None     ,None  ,0.00  
2021-10-24 11:37:25,302,24.59 ,24.02 ,24.05 ,24.14 ,24.53 ,-0.00 ,-0.01 ,0.00 ,11.23 ,11.44 ,10.20 ,10.46 ,1174.22 ,9269.26 ,1.43 ,100.00 ,0  ,0  ,0  ,None ,None ,169.39 ,Buffering (0/1) ,WAIT_FOR_WATER ,IDLE         ,None     ,None  ,0.00  
2021-10-24 11:37:25,812,24.59 ,24.02 ,24.05 ,24.14 ,24.53 ,-0.00 ,-0.01 ,0.00 ,11.23 ,11.44 ,10.20 ,10.45 ,1174.26 ,9268.88 ,1.43 ,100.00 ,0  ,0  ,0  ,None ,None ,169.46 ,Buffering (0/1) ,WAIT_FOR_WATER ,IDLE         ,None     ,None  ,0.00  
2021-10-24 11:37:26,353,24.59 ,24.01 ,24.05 ,24.14 ,24.53 ,0.00 ,-0.01 ,0.00 ,11.23 ,11.44 ,10.20 ,10.45 ,1174.04 ,9268.58 ,1.43 ,100.00 ,0  ,0  ,0  ,None ,None ,169.50 ,Buffering (0/1) ,WAIT_FOR_WATER ,IDLE         ,None     ,None  ,0.00  
2021-10-24 11:37:26,869,24.59 ,24.01 ,24.04 ,24.14 ,24.53 ,0.00 ,-0.01 ,0.00 ,11.23 ,11.44 ,10.20 ,10.45 ,1174.04 ,9268.18 ,1.43 ,100.00 ,0  ,0  ,0  ,None ,None ,169.57 ,Buffering (0/1) ,WAIT_FOR_WATER ,IDLE         ,None     ,None  ,0.00  
2021-10-24 11:37:27,386,24.58 ,24.01 ,24.04 ,24.15 ,24.53 ,0.01 ,-0.02 ,0.00 ,11.23 ,11.44 ,10.20 ,10.45 ,1174.12 ,9267.82 ,1.43 ,100.00 ,0  ,0  ,0  ,None ,None ,169.57 ,Buffering (0/1) ,WAIT_FOR_WATER ,IDLE         ,None     ,None  ,0.00  
2021-10-24 11:37:27,894,24.58 ,24.01 ,24.03 ,24.15 ,24.53 ,0.01 ,-0.02 ,0.00 ,11.23 ,11.44 ,10.20 ,10.45 ,1174.14 ,9267.44 ,1.43 ,100.00 ,0  ,0  ,0  ,None ,None ,169.58 ,Buffering (0/1) ,WAIT_FOR_WATER ,IDLE         ,None     ,None  ,0.00  
2021-10-24 11:37:28,423,24.58 ,24.01 ,24.02 ,24.16 ,24.53 ,0.00 ,-0.01 ,0.00 ,11.23 ,11.44 ,10.20 ,10.45 ,1174.32 ,9267.04 ,1.43 ,100.00 ,0  ,0  ,0  ,None ,None ,169.66 ,Buffering (0/1) ,WAIT_FOR_WATER ,IDLE         ,None     ,None  ,0.00  
2021-10-24 11:37:28,968,24.58 ,24.01 ,24.02 ,24.16 ,24.53 ,0.00 ,-0.00 ,0.00 ,11.23 ,11.44 ,10.20 ,10.45 ,1174.50 ,9266.74 ,1.43 ,100.00 ,0  ,0  ,0  ,None ,None ,169.65 ,Buffering (0/1) ,WAIT_TASK ,IDLE         ,None     ,None  ,0.00  
2021-10-24 11:37:29,475,24.57 ,24.01 ,24.02 ,24.16 ,24.53 ,0.00 ,-0.00 ,0.00 ,11.23 ,11.44 ,10.20 ,10.45 ,1174.38 ,9266.46 ,1.43 ,100.00 ,0  ,0  ,0  ,None ,None ,169.72 ,Buffering (0/1) ,WAIT_TASK ,IDLE         ,None     ,None  ,0.00  
2021-10-24 11:37:30,001,24.57 ,24.01 ,24.02 ,24.16 ,24.53 ,0.00 ,-0.01 ,0.00 ,11.23 ,11.44 ,10.20 ,10.45 ,1174.32 ,9266.16 ,1.43 ,100.00 ,0  ,0  ,0  ,None ,None ,169.73 ,Buffering (0/1) ,WAIT_TASK ,IDLE         ,None     ,None  ,0.00  
2021-10-24 11:37:30,508,24.57 ,24.01 ,24.02 ,24.17 ,24.53 ,0.00 ,-0.01 ,0.00 ,11.23 ,11.44 ,10.20 ,10.45 ,1174.38 ,9265.80 ,1.43 ,100.00 ,0  ,0  ,0  ,None ,None ,169.77 ,Buffering (0/1) ,WAIT_TASK ,IDLE         ,None     ,None  ,0.00  
2021-10-24 11:37:31,037,24.57 ,24.01 ,24.02 ,24.16 ,24.53 ,-0.00 ,-0.01 ,0.00 ,11.23 ,11.44 ,10.20 ,10.45 ,1174.16 ,9265.58 ,1.43 ,100.00 ,0  ,0  ,0  ,None ,None ,169.78 ,Buffering (0/1) ,WAIT_TASK ,IDLE         ,None     ,None  ,0.00  
2021-10-24 11:37:31,544,24.57 ,24.01 ,24.01 ,24.16 ,24.53 ,-0.00 ,-0.01 ,0.00 ,11.23 ,11.44 ,10.20 ,10.45 ,1174.18 ,9265.26 ,1.43 ,100.00 ,0  ,0  ,0  ,None ,None ,169.82 ,Buffering (0/1) ,WAIT_TASK ,IDLE         ,None     ,None  ,0.00  
2021-10-24 11:37:32,069,24.57 ,24.01 ,24.01 ,24.16 ,24.53 ,-0.00 ,-0.00 ,0.00 ,11.23 ,11.44 ,10.20 ,10.45 ,1174.28 ,9264.94 ,1.43 ,100.00 ,0  ,0  ,0  ,None ,None ,169.88 ,Buffering (0/1) ,WAIT_TASK ,IDLE         ,None     ,None  ,0.00  
2021-10-24 11:37:32,577,24.57 ,24.01 ,24.01 ,24.15 ,24.53 ,-0.00 ,-0.00 ,0.00 ,11.23 ,11.44 ,10.20 ,10.45 ,1174.36 ,9264.58 ,1.43 ,100.00 ,0  ,0  ,0  ,None ,None ,169.91 ,Buffering (0/1) ,WAIT_TASK ,IDLE         ,None     ,None  ,0.00  
2021-10-24 11:37:33,100,24.57 ,24.01 ,24.01 ,24.15 ,24.53 ,0.01 ,-0.01 ,0.00 ,11.23 ,11.44 ,10.20 ,10.45 ,1174.40 ,9264.28 ,1.43 ,100.00 ,0  ,0  ,0  ,None ,None ,169.92 ,Buffering (0/1) ,WAIT_TASK ,IDLE         ,None     ,None  ,0.00  
2021-10-24 11:37:33,608,24.57 ,24.01 ,24.01 ,24.15 ,24.53 ,0.01 ,-0.01 ,0.00 ,11.23 ,11.44 ,10.20 ,10.45 ,1174.54 ,9263.90 ,1.43 ,100.00 ,0  ,0  ,0  ,None ,None ,169.97 ,Buffering (0/1) ,WAIT_TASK ,IDLE         ,None     ,None  ,0.00  
2021-10-24 11:37:34,131,24.57 ,24.01 ,24.00 ,24.15 ,24.53 ,0.01 ,-0.01 ,0.00 ,11.23 ,11.44 ,10.20 ,10.45 ,1174.52 ,9263.46 ,1.43 ,100.00 ,0  ,0  ,0  ,None ,None ,170.04 ,Buffering (0/1) ,WAIT_TASK ,IDLE         ,None     ,None  ,0.00  
2021-10-24 11:37:34,639,24.57 ,24.01 ,24.00 ,24.15 ,24.53 ,0.01 ,-0.01 ,0.00 ,11.23 ,11.44 ,10.20 ,10.45 ,1174.42 ,9263.16 ,1.43 ,100.00 ,0  ,0  ,0  ,None ,None ,170.03 ,Buffering (0/1) ,WAIT_TASK ,IDLE         ,None     ,None  ,0.00  
2021-10-24 11:37:35,165,24.57 ,24.01 ,24.00 ,24.15 ,24.53 ,0.01 ,0.00 ,0.00 ,11.23 ,11.44 ,10.20 ,10.45 ,1174.36 ,9262.90 ,1.43 ,100.00 ,0  ,0  ,0  ,None ,None ,170.04 ,Buffering (0/1) ,WAIT_TASK ,IDLE         ,None     ,None  ,0.00  
2021-10-24 11:37:35,673,24.57 ,24.01 ,24.01 ,24.15 ,24.53 ,0.01 ,0.00 ,0.00 ,11.23 ,11.44 ,10.20 ,10.45 ,1174.28 ,9262.58 ,1.43 ,100.00 ,0  ,0  ,0  ,None ,None ,170.08 ,Buffering (0/1) ,WAIT_TASK ,IDLE         ,None     ,None  ,0.00  
2021-10-24 11:37:36,201,24.57 ,24.01 ,24.01 ,24.15 ,24.53 ,0.00 ,0.00 ,0.00 ,11.23 ,11.44 ,10.20 ,10.45 ,1174.16 ,9262.38 ,1.43 ,100.00 ,0  ,0  ,0  ,None ,None ,170.07 ,Buffering (0/1) ,WAIT_TASK ,IDLE         ,None     ,None  ,0.00  
2021-10-24 11:37:36,709,24.57 ,24.00 ,24.02 ,24.14 ,24.53 ,0.00 ,0.00 ,0.00 ,11.23 ,11.44 ,10.20 ,10.45 ,1174.14 ,9262.10 ,1.43 ,100.00 ,0  ,0  ,0  ,None ,None ,170.19 ,Buffering (0/1) ,WAIT_TASK ,IDLE         ,None     ,None  ,0.00  
2021-10-24 11:37:37,237,24.57 ,24.00 ,24.02 ,24.14 ,24.53 ,0.00 ,0.00 ,0.00 ,11.23 ,11.44 ,10.20 ,10.45 ,1174.22 ,9261.86 ,1.43 ,100.00 ,0  ,0  ,0  ,None ,None ,170.16 ,Buffering (0/1) ,WAIT_TASK ,IDLE         ,None     ,None  ,0.00  
2021-10-24 11:37:37,748,24.57 ,24.00 ,24.02 ,24.14 ,24.53 ,0.00 ,0.00 ,0.00 ,11.23 ,11.44 ,10.20 ,10.45 ,1174.30 ,9261.50 ,1.43 ,100.00 ,0  ,0  ,0  ,None ,None ,170.20 ,Buffering (0/1) ,WAIT_TASK ,IDLE         ,None     ,None  ,0.00  
2021-10-24 11:37:38,276,24.57 ,24.00 ,24.02 ,24.14 ,24.53 ,-0.01 ,0.00 ,0.00 ,11.23 ,11.44 ,10.20 ,10.45 ,1174.34 ,9261.20 ,1.43 ,100.00 ,0  ,0  ,0  ,None ,None ,170.24 ,Buffering (0/1) ,WAIT_TASK ,IDLE         ,None     ,None  ,0.00  
2021-10-24 11:37:38,786,24.57 ,24.00 ,24.02 ,24.14 ,24.53 ,-0.01 ,0.00 ,0.00 ,11.23 ,11.44 ,10.20 ,10.45 ,1174.50 ,9260.78 ,1.43 ,100.00 ,0  ,0  ,0  ,None ,None ,170.26 ,Buffering (0/1) ,WAIT_TASK ,IDLE         ,None     ,None  ,0.00  
2021-10-24 11:37:39,313,24.57 ,24.00 ,24.02 ,24.14 ,24.52 ,-0.01 ,0.01 ,0.00 ,11.23 ,11.44 ,10.20 ,10.45 ,1174.58 ,9260.58 ,1.43 ,100.00 ,0  ,0  ,0  ,None ,None ,170.26 ,Buffering (0/1) ,WAIT_TASK ,IDLE         ,None     ,None  ,0.00  
2021-10-24 11:37:39,822,24.57 ,24.00 ,24.01 ,24.14 ,24.52 ,-0.01 ,0.01 ,0.00 ,11.23 ,11.44 ,10.20 ,10.45 ,1174.60 ,9260.20 ,1.43 ,100.00 ,0  ,0  ,0  ,None ,None ,170.35 ,Buffering (0/1) ,WAIT_TASK ,IDLE         ,None     ,None  ,0.00  
2021-10-24 11:37:40,350,24.57 ,24.01 ,24.01 ,24.14 ,24.53 ,-0.00 ,0.00 ,0.00 ,11.23 ,11.44 ,10.20 ,10.45 ,1174.46 ,9259.82 ,1.43 ,100.00 ,0  ,0  ,0  ,None ,None ,170.42 ,Buffering (0/1) ,WAIT_TASK ,IDLE         ,None     ,None  ,0.00  
2021-10-24 11:37:40,858,24.57 ,24.00 ,24.01 ,24.14 ,24.53 ,-0.00 ,0.00 ,0.00 ,11.23 ,11.44 ,10.20 ,10.45 ,1174.38 ,9259.52 ,1.43 ,100.00 ,0  ,0  ,0  ,None ,None ,170.39 ,Buffering (0/1) ,WAIT_TASK ,IDLE         ,None     ,None  ,0.00  
2021-10-24 11:37:41,382,24.56 ,24.01 ,24.00 ,24.14 ,24.53 ,0.00 ,-0.00 ,0.00 ,11.23 ,11.44 ,10.20 ,10.45 ,1174.30 ,9259.24 ,1.43 ,100.00 ,0  ,0  ,0  ,None ,None ,170.43 ,Buffering (0/1) ,WAIT_TASK ,IDLE         ,None     ,None  ,0.00  
2021-10-24 11:37:41,891,24.56 ,24.01 ,24.00 ,24.14 ,24.53 ,0.00 ,-0.00 ,0.00 ,11.23 ,11.44 ,10.20 ,10.45 ,1174.24 ,9258.96 ,1.44 ,100.00 ,0  ,0  ,0  ,None ,None ,170.43 ,Buffering (0/1) ,WAIT_TASK ,IDLE         ,None     ,None  ,0.00  
2021-10-24 11:37:42,415,24.56 ,24.01 ,24.00 ,24.14 ,24.53 ,0.00 ,-0.00 ,0.00 ,11.23 ,11.44 ,10.20 ,10.45 ,1174.20 ,9258.70 ,1.46 ,100.00 ,0  ,0  ,0  ,None ,None ,170.46 ,Buffering (0/1) ,WAIT_TASK ,IDLE         ,None     ,None  ,0.00  
2021-10-24 11:37:42,980,24.56 ,24.00 ,24.00 ,24.14 ,24.53 ,0.01 ,-0.00 ,0.00 ,11.23 ,11.44 ,10.20 ,10.45 ,1174.40 ,9258.56 ,1.49 ,100.00 ,0  ,0  ,0  ,None ,None ,170.47 ,Buffering (0/1) ,WAIT_TASK ,IDLE         ,None     ,None  ,0.00  
2021-10-24 11:37:43,485,24.56 ,24.00 ,23.99 ,24.14 ,24.53 ,0.01 ,-0.00 ,0.00 ,11.23 ,11.44 ,10.20 ,10.45 ,1174.50 ,9258.30 ,1.51 ,100.00 ,0  ,0  ,0  ,None ,None ,170.53 ,Buffering (0/1) ,WAIT_TASK ,IDLE         ,None     ,None  ,0.00  
2021-10-24 11:37:44,010,24.55 ,24.00 ,23.99 ,24.14 ,24.53 ,0.01 ,-0.01 ,0.00 ,11.23 ,11.44 ,10.20 ,10.45 ,1174.54 ,9257.96 ,1.53 ,100.00 ,0  ,0  ,0  ,None ,None ,170.61 ,Buffering (0/1) ,WAIT_TASK ,IDLE         ,None     ,None  ,0.00  
2021-10-24 11:37:44,518,24.55 ,24.00 ,23.99 ,24.14 ,24.52 ,0.01 ,-0.01 ,0.00 ,11.23 ,11.44 ,10.20 ,10.45 ,1174.54 ,9257.52 ,1.53 ,100.00 ,0  ,0  ,0  ,None ,None ,170.63 ,Buffering (0/1) ,WAIT_TASK ,IDLE         ,None     ,None  ,0.00  
2021-10-24 11:37:45,044,24.55 ,24.00 ,23.99 ,24.14 ,24.53 ,0.00 ,-0.01 ,-0.00 ,11.23 ,11.44 ,10.20 ,10.45 ,1174.54 ,9257.32 ,1.53 ,100.00 ,0  ,0  ,0  ,None ,None ,170.59 ,Buffering (0/1) ,WAIT_TASK ,IDLE         ,None     ,None  ,0.00  
2021-10-24 11:37:45,552,24.55 ,24.00 ,23.99 ,24.14 ,24.53 ,0.00 ,-0.01 ,-0.00 ,11.23 ,11.44 ,10.20 ,10.45 ,1174.46 ,9257.04 ,1.53 ,100.00 ,0  ,0  ,0  ,None ,None ,170.61 ,Buffering (0/1) ,WAIT_TASK ,IDLE         ,None     ,None  ,0.00  
2021-10-24 11:37:46,078,24.55 ,24.00 ,23.99 ,24.13 ,24.52 ,0.00 ,-0.01 ,-0.00 ,11.23 ,11.44 ,10.20 ,10.45 ,1174.44 ,9256.64 ,1.53 ,100.00 ,0  ,0  ,0  ,None ,None ,170.70 ,Buffering (0/1) ,WAIT_TASK ,IDLE         ,None     ,None  ,0.00  
2021-10-24 11:37:46,584,24.54 ,24.00 ,23.99 ,24.13 ,24.52 ,0.00 ,-0.01 ,-0.00 ,11.23 ,11.44 ,10.20 ,10.45 ,1174.44 ,9256.42 ,1.53 ,100.00 ,0  ,0  ,0  ,None ,None ,170.72 ,Buffering (0/1) ,WAIT_TASK ,IDLE         ,None     ,None  ,0.00  
2021-10-24 11:37:47,112,24.54 ,24.00 ,23.99 ,24.13 ,24.52 ,0.00 ,-0.01 ,-0.01 ,11.23 ,11.44 ,10.20 ,10.45 ,1174.52 ,9256.22 ,1.53 ,100.00 ,0  ,0  ,0  ,None ,None ,170.74 ,Buffering (0/1) ,WAIT_TASK ,IDLE         ,None     ,None  ,0.00  
2021-10-24 11:37:47,621,24.54 ,24.00 ,23.99 ,24.13 ,24.52 ,0.00 ,-0.01 ,-0.01 ,11.23 ,11.44 ,10.20 ,10.45 ,1174.52 ,9255.84 ,1.53 ,100.00 ,0  ,0  ,0  ,None ,None ,170.76 ,Buffering (0/1) ,WAIT_TASK ,IDLE         ,None     ,None  ,0.00  
2021-10-24 11:37:48,144,24.54 ,24.00 ,23.99 ,24.13 ,24.52 ,-0.00 ,-0.01 ,-0.01 ,11.23 ,11.44 ,10.20 ,10.45 ,1174.58 ,9255.40 ,1.51 ,100.00 ,0  ,0  ,0  ,None ,None ,170.86 ,Buffering (0/1) ,WAIT_TASK ,IDLE         ,None     ,None  ,0.00  
2021-10-24 11:37:48,655,24.54 ,24.00 ,23.99 ,24.12 ,24.53 ,-0.00 ,-0.01 ,-0.01 ,11.23 ,11.44 ,10.20 ,10.45 ,1174.52 ,9255.26 ,1.49 ,100.00 ,0  ,0  ,0  ,None ,None ,170.80 ,Buffering (0/1) ,WAIT_TASK ,IDLE         ,None     ,None  ,0.00  
2021-10-24 11:37:49,181,24.55 ,24.01 ,23.99 ,24.12 ,24.52 ,-0.00 ,-0.00 ,-0.01 ,11.23 ,11.44 ,10.20 ,10.45 ,1174.54 ,9254.92 ,1.47 ,100.00 ,0  ,0  ,0  ,None ,None ,170.87 ,Buffering (0/1) ,WAIT_TASK ,IDLE         ,None     ,None  ,0.00  
2021-10-24 11:37:49,688,24.54 ,24.01 ,23.99 ,24.12 ,24.53 ,-0.00 ,-0.00 ,-0.01 ,11.23 ,11.44 ,10.20 ,10.45 ,1174.46 ,9254.62 ,1.45 ,100.00 ,0  ,0  ,0  ,None ,None ,170.92 ,Buffering (0/1) ,WAIT_TASK ,IDLE         ,None     ,None  ,0.00  
2021-10-24 11:37:50,213,24.54 ,24.00 ,23.99 ,24.12 ,24.53 ,-0.00 ,0.00 ,-0.01 ,11.23 ,11.44 ,10.20 ,10.45 ,1174.40 ,9254.34 ,1.45 ,100.00 ,0  ,0  ,0  ,None ,None ,170.93 ,Buffering (0/1) ,WAIT_TASK ,IDLE         ,None     ,None  ,0.00  
2021-10-24 11:37:50,719,24.54 ,24.00 ,23.99 ,24.11 ,24.53 ,-0.00 ,0.00 ,-0.01 ,11.23 ,11.44 ,10.20 ,10.45 ,1174.24 ,9254.24 ,1.45 ,100.00 ,0  ,0  ,0  ,None ,None ,170.92 ,Buffering (0/1) ,WAIT_TASK ,IDLE         ,None     ,None  ,0.00  
2021-10-24 11:37:51,244,24.54 ,24.00 ,23.99 ,24.12 ,24.53 ,-0.00 ,0.01 ,-0.00 ,11.23 ,11.44 ,10.20 ,10.45 ,1174.28 ,9253.92 ,1.45 ,100.00 ,0  ,0  ,0  ,None ,None ,170.97 ,Buffering (0/1) ,WAIT_TASK ,IDLE         ,None     ,None  ,0.00  
2021-10-24 11:37:51,749,24.54 ,24.00 ,23.99 ,24.11 ,24.53 ,-0.00 ,0.01 ,-0.00 ,11.23 ,11.44 ,10.20 ,10.45 ,1174.14 ,9253.66 ,1.45 ,100.00 ,0  ,0  ,0  ,None ,None ,171.00 ,Buffering (0/1) ,WAIT_TASK ,IDLE         ,None     ,None  ,0.00  
2021-10-24 11:37:52,273,24.54 ,24.01 ,23.99 ,24.11 ,24.53 ,0.00 ,0.00 ,-0.00 ,11.23 ,11.44 ,10.20 ,10.46 ,1174.10 ,9253.44 ,1.45 ,100.00 ,0  ,0  ,0  ,None ,None ,171.00 ,Buffering (0/1) ,WAIT_TASK ,IDLE         ,None     ,None  ,0.00  
2021-10-24 11:37:52,802,24.54 ,24.01 ,23.99 ,24.10 ,24.53 ,0.00 ,0.00 ,-0.00 ,11.23 ,11.44 ,10.20 ,10.45 ,1174.12 ,9253.06 ,1.44 ,100.00 ,0  ,0  ,0  ,None ,None ,171.12 ,Buffering (0/1) ,EXEC_TASK ,EN_ROUTE     ,1        ,1.00  ,0.00  
2021-10-24 11:37:53,321,24.54 ,24.01 ,23.99 ,24.11 ,24.53 ,-0.00 ,0.00 ,-0.00 ,11.23 ,11.44 ,10.20 ,10.45 ,1174.20 ,9252.66 ,1.44 ,100.00 ,0  ,0  ,0  ,None ,None ,171.12 ,Buffering (0/1) ,EXEC_TASK ,EN_ROUTE     ,1        ,1.00  ,0.00  
2021-10-24 11:37:53,831,24.54 ,24.00 ,23.99 ,24.10 ,24.53 ,-0.00 ,0.00 ,-0.00 ,11.23 ,11.44 ,10.20 ,10.45 ,1174.06 ,9252.40 ,1.44 ,100.00 ,0  ,0  ,0  ,None ,None ,171.10 ,Buffering (0/1) ,EXEC_TASK ,EN_ROUTE     ,1        ,1.00  ,0.00  
2021-10-24 11:37:54,356,24.54 ,24.00 ,23.99 ,24.11 ,24.53 ,0.00 ,0.00 ,-0.00 ,11.23 ,11.44 ,10.20 ,10.45 ,1174.10 ,9252.18 ,1.44 ,100.00 ,0  ,0  ,0  ,None ,None ,171.14 ,Buffering (0/1) ,EXEC_TASK ,EN_ROUTE     ,1        ,1.00  ,0.00  
2021-10-24 11:37:54,866,24.53 ,24.00 ,23.99 ,24.11 ,24.53 ,0.00 ,0.00 ,-0.00 ,11.23 ,11.44 ,10.20 ,10.45 ,1174.32 ,9251.82 ,1.44 ,100.00 ,0  ,0  ,0  ,None ,None ,171.21 ,Buffering (0/1) ,EXEC_TASK ,EN_ROUTE     ,1        ,1.00  ,0.00  
2021-10-24 11:37:55,388,24.53 ,24.00 ,23.99 ,24.11 ,24.53 ,0.01 ,-0.01 ,-0.00 ,11.23 ,11.44 ,10.20 ,10.45 ,1174.46 ,9251.56 ,1.44 ,100.00 ,0  ,0  ,0  ,None ,None ,171.23 ,Buffering (0/1) ,EXEC_TASK ,EN_ROUTE     ,1        ,1.00  ,0.00  
2021-10-24 11:37:55,896,24.53 ,24.00 ,23.99 ,24.10 ,24.53 ,0.01 ,-0.01 ,-0.00 ,11.23 ,11.44 ,10.20 ,10.45 ,1174.42 ,9251.28 ,1.43 ,100.00 ,0  ,0  ,0  ,None ,None ,171.24 ,Buffering (0/1) ,EXEC_TASK ,EN_ROUTE     ,1        ,1.00  ,0.00  
2021-10-24 11:37:56,418,24.53 ,24.00 ,23.99 ,24.11 ,24.52 ,0.01 ,-0.01 ,-0.01 ,11.23 ,11.44 ,10.20 ,10.45 ,1174.46 ,9250.94 ,1.43 ,100.00 ,0  ,0  ,0  ,None ,None ,171.25 ,Buffering (0/1) ,EXEC_TASK ,EN_ROUTE     ,1        ,1.00  ,0.00  
2021-10-24 11:37:56,920,24.53 ,24.00 ,23.99 ,24.10 ,24.52 ,0.01 ,-0.01 ,-0.01 ,11.23 ,11.44 ,10.20 ,10.45 ,1174.50 ,9250.44 ,1.43 ,100.00 ,0  ,0  ,0  ,None ,None ,171.37 ,Buffering (0/1) ,EXEC_TASK ,EN_ROUTE     ,1        ,1.00  ,0.00  
2021-10-24 11:37:57,451,24.53 ,24.01 ,23.99 ,24.10 ,24.52 ,0.00 ,-0.00 ,-0.00 ,11.23 ,11.44 ,10.20 ,10.45 ,1174.26 ,9250.22 ,1.43 ,100.00 ,0  ,0  ,0  ,None ,None ,171.30 ,Buffering (0/1) ,EXEC_TASK ,EN_ROUTE     ,1        ,1.00  ,0.00  
2021-10-24 11:37:57,957,24.53 ,24.01 ,23.99 ,24.10 ,24.52 ,0.00 ,-0.00 ,-0.00 ,11.23 ,11.44 ,10.20 ,10.45 ,1174.26 ,9249.96 ,1.43 ,100.00 ,0  ,0  ,0  ,None ,None ,171.36 ,Buffering (0/1) ,EXEC_TASK ,EN_ROUTE     ,1        ,1.00  ,0.00  
2021-10-24 11:37:58,478,24.53 ,24.00 ,23.99 ,24.10 ,24.52 ,0.02 ,-0.00 ,-0.00 ,11.23 ,11.44 ,10.20 ,10.45 ,1174.30 ,9249.62 ,1.43 ,100.00 ,0  ,0  ,0  ,None ,None ,171.41 ,Buffering (0/1) ,EXEC_TASK ,EN_ROUTE     ,1        ,1.00  ,0.00  
2021-10-24 11:37:59,042,24.54 ,24.01 ,23.99 ,24.10 ,24.52 ,0.01 ,-0.01 ,-0.00 ,11.23 ,11.44 ,10.20 ,10.45 ,1174.36 ,9249.34 ,1.43 ,100.00 ,0  ,0  ,0  ,None ,None ,171.39 ,Buffering (0/1) ,EXEC_TASK ,EN_ROUTE     ,1        ,1.00  ,0.00  
2021-10-24 11:37:59,547,24.54 ,24.01 ,23.99 ,24.10 ,24.52 ,0.01 ,-0.01 ,-0.00 ,11.23 ,11.44 ,10.20 ,10.45 ,1174.28 ,9249.16 ,1.43 ,100.00 ,0  ,0  ,0  ,None ,None ,171.47 ,Buffering (0/1) ,EXEC_TASK ,EN_ROUTE     ,1        ,1.00  ,0.00  
2021-10-24 11:38:00,076,24.54 ,24.01 ,23.99 ,24.10 ,24.52 ,0.00 ,0.00 ,-0.00 ,11.23 ,11.44 ,10.20 ,10.45 ,1174.32 ,9248.92 ,1.43 ,100.00 ,0  ,0  ,0  ,None ,None ,171.42 ,Buffering (0/1) ,EXEC_TASK ,EN_ROUTE     ,1        ,1.00  ,0.00  
2021-10-24 11:38:00,578,24.53 ,24.01 ,23.99 ,24.10 ,24.52 ,0.00 ,0.00 ,-0.00 ,11.23 ,11.44 ,10.20 ,10.45 ,1174.08 ,9248.70 ,1.43 ,100.00 ,0  ,0  ,0  ,None ,None ,171.48 ,Buffering (0/1) ,EXEC_TASK ,EN_ROUTE     ,1        ,1.00  ,0.00  
2021-10-24 11:38:01,106,24.53 ,24.01 ,23.99 ,24.09 ,24.52 ,0.01 ,0.01 ,0.00 ,11.23 ,11.44 ,10.20 ,10.45 ,1174.02 ,9248.56 ,1.43 ,100.00 ,0  ,0  ,0  ,None ,None ,171.49 ,Buffering (0/1) ,EXEC_TASK ,EN_ROUTE     ,1        ,1.00  ,0.00  
2021-10-24 11:38:01,614,24.53 ,24.01 ,23.99 ,24.09 ,24.52 ,0.01 ,0.01 ,0.00 ,11.23 ,11.43 ,10.20 ,10.45 ,1173.94 ,9248.32 ,1.43 ,100.00 ,0  ,0  ,0  ,None ,None ,171.52 ,Buffering (0/1) ,EXEC_TASK ,EN_ROUTE     ,1        ,1.00  ,-0.00 
2021-10-24 11:38:01,821,24.53 ,24.01 ,23.99 ,24.09 ,24.52 ,0.00 ,0.00 ,0.00 ,11.23 ,11.43 ,10.20 ,10.45 ,1173.94 ,9248.18 ,1.43 ,100.00 ,0  ,0  ,0  ,None ,None ,171.54 ,Buffering (0/1) ,EXEC_TASK ,EN_ROUTE     ,1        ,1.00  ,-0.00 
2021-10-24 11:38:02,892,24.53 ,24.01 ,23.99 ,24.09 ,24.52 ,0.00 ,0.00 ,0.00 ,11.23 ,11.43 ,10.20 ,10.45 ,1173.94 ,9258.40 ,1.43 ,100.00 ,0  ,0  ,0  ,None ,1  ,166.22 ,2708.00 ,EXEC_TASK ,EN_ROUTE     ,1        ,1.00  ,-0.00 
2021-10-24 11:38:02,969,24.53 ,24.01 ,23.99 ,24.09 ,24.52 ,0.00 ,0.00 ,0.00 ,11.23 ,11.43 ,10.20 ,10.45 ,1173.94 ,9271.64 ,1.43 ,100.00 ,0  ,0  ,0  ,None ,1  ,164.71 ,3113.00 ,EXEC_TASK ,EN_ROUTE     ,1        ,1.00  ,-0.00 
2021-10-24 11:38:03,056,24.53 ,24.01 ,23.99 ,24.09 ,24.52 ,0.00 ,0.00 ,0.00 ,11.23 ,11.43 ,10.20 ,10.45 ,1173.94 ,9288.10 ,1.43 ,100.00 ,0  ,0  ,0  ,None ,1  ,163.12 ,3285.00 ,EXEC_TASK ,EN_ROUTE     ,1        ,1.00  ,-0.00 
2021-10-24 11:38:03,134,24.53 ,24.01 ,23.99 ,24.09 ,24.53 ,0.00 ,0.00 ,0.00 ,11.23 ,11.43 ,10.20 ,10.45 ,1173.94 ,9307.96 ,1.43 ,100.00 ,0  ,0  ,0  ,None ,1  ,161.43 ,3615.00 ,EXEC_TASK ,EN_ROUTE     ,1        ,1.00  ,-0.00 
2021-10-24 11:38:03,211,24.53 ,24.01 ,23.99 ,24.09 ,24.53 ,0.00 ,0.00 ,0.00 ,11.23 ,11.43 ,10.20 ,10.45 ,1173.94 ,9331.62 ,1.43 ,100.00 ,0  ,0  ,0  ,None ,1  ,159.54 ,3903.00 ,EXEC_TASK ,EN_ROUTE     ,1        ,1.00  ,-0.00 
2021-10-24 11:38:03,290,24.53 ,24.01 ,23.99 ,24.09 ,24.53 ,0.00 ,0.00 ,0.00 ,11.23 ,11.43 ,10.20 ,10.45 ,1173.94 ,9348.70 ,1.43 ,100.00 ,0  ,0  ,0  ,None ,1  ,157.64 ,4135.00 ,EXEC_TASK ,EN_ROUTE     ,1        ,1.00  ,-0.00 
2021-10-24 11:38:03,374,24.53 ,24.01 ,23.99 ,24.09 ,24.53 ,0.00 ,0.00 ,0.00 ,11.23 ,11.43 ,10.20 ,10.45 ,1173.94 ,9366.98 ,1.43 ,100.00 ,0  ,0  ,0  ,None ,1  ,155.56 ,4432.00 ,EXEC_TASK ,EN_ROUTE     ,1        ,1.00  ,-0.00 
2021-10-24 11:38:03,452,24.53 ,24.01 ,23.99 ,24.09 ,24.53 ,0.00 ,0.00 ,0.00 ,11.23 ,11.43 ,10.20 ,10.45 ,1173.94 ,9386.50 ,1.43 ,100.00 ,0  ,0  ,0  ,None ,1  ,153.38 ,4755.00 ,EXEC_TASK ,EN_ROUTE     ,1        ,1.00  ,-0.00 
2021-10-24 11:38:03,529,24.53 ,24.01 ,23.99 ,24.09 ,24.53 ,0.00 ,0.00 ,0.00 ,11.23 ,11.43 ,10.20 ,10.45 ,1173.94 ,9407.30 ,1.43 ,100.00 ,0  ,0  ,0  ,None ,1  ,151.10 ,4880.00 ,EXEC_TASK ,EN_ROUTE     ,1        ,1.00  ,-0.00 
2021-10-24 11:38:03,612,24.53 ,24.01 ,23.99 ,24.09 ,24.53 ,0.00 ,0.00 ,0.00 ,11.23 ,11.43 ,10.20 ,10.45 ,1173.94 ,9429.20 ,1.43 ,100.00 ,0  ,0  ,0  ,None ,1  ,148.71 ,5042.00 ,EXEC_TASK ,EN_ROUTE     ,1        ,1.00  ,-0.00 
2021-10-24 11:38:03,691,24.53 ,24.01 ,23.99 ,24.09 ,24.53 ,0.00 ,0.00 ,0.00 ,11.23 ,11.43 ,10.20 ,10.45 ,1173.94 ,9452.44 ,1.43 ,100.00 ,0  ,0  ,0  ,None ,1  ,146.20 ,5356.00 ,EXEC_TASK ,EN_ROUTE     ,1        ,1.00  ,-0.00 
2021-10-24 11:38:03,772,24.53 ,24.01 ,23.99 ,24.09 ,24.53 ,0.00 ,0.00 ,0.00 ,11.23 ,11.43 ,10.20 ,10.45 ,1173.94 ,9476.68 ,1.43 ,100.00 ,0  ,0  ,0  ,None ,1  ,143.71 ,5428.00 ,EXEC_TASK ,EN_ROUTE     ,1        ,1.00  ,-0.00 
2021-10-24 11:38:03,849,24.53 ,24.01 ,23.99 ,24.09 ,24.53 ,0.00 ,0.00 ,0.00 ,11.23 ,11.43 ,10.20 ,10.45 ,1173.94 ,9501.62 ,1.43 ,100.00 ,0  ,0  ,0  ,None ,1  ,141.20 ,5476.00 ,EXEC_TASK ,EN_ROUTE     ,1        ,1.00  ,-0.00 
2021-10-24 11:38:03,925,24.53 ,24.01 ,23.99 ,24.09 ,24.54 ,0.00 ,0.00 ,0.00 ,11.23 ,11.43 ,10.20 ,10.45 ,1173.94 ,9527.32 ,1.43 ,100.00 ,0  ,0  ,0  ,None ,1  ,138.66 ,5694.00 ,EXEC_TASK ,EN_ROUTE     ,1        ,1.00  ,-0.00 
2021-10-24 11:38:04,003,24.53 ,24.01 ,23.99 ,24.09 ,24.54 ,0.00 ,0.00 ,0.00 ,11.23 ,11.43 ,10.20 ,10.45 ,1173.94 ,9553.58 ,1.43 ,100.00 ,0  ,0  ,0  ,None ,1  ,136.07 ,5633.00 ,EXEC_TASK ,EN_ROUTE     ,1        ,1.00  ,-0.00 
2021-10-24 11:38:04,619,24.53 ,24.01 ,24.00 ,24.09 ,24.55 ,0.00 ,0.00 ,0.00 ,11.23 ,11.44 ,10.20 ,10.45 ,1173.08 ,9576.16 ,1.43 ,100.00 ,0  ,0  ,0  ,None ,0  ,135.40 ,0.00 ,EXEC_TASK ,EN_ROUTE     ,1        ,1.00  ,0.00  
2021-10-24 11:38:05,138,24.53 ,24.01 ,24.00 ,24.09 ,24.56 ,-0.00 ,0.00 ,0.00 ,11.23 ,11.43 ,10.20 ,10.45 ,1172.14 ,9592.70 ,1.43 ,100.00 ,0  ,0  ,0  ,None ,0  ,135.89 ,0.00 ,EXEC_TASK ,EN_ROUTE     ,1        ,1.00  ,-0.00 
2021-10-24 11:38:05,695,24.53 ,24.01 ,24.00 ,24.09 ,24.57 ,-0.01 ,0.01 ,0.00 ,11.23 ,11.44 ,10.20 ,10.46 ,1171.68 ,9603.40 ,1.43 ,100.00 ,0  ,0  ,0  ,None ,0  ,136.25 ,0.00 ,EXEC_TASK ,EN_ROUTE     ,1        ,1.00  ,0.00  
2021-10-24 11:38:06,253,24.53 ,24.00 ,24.00 ,24.09 ,24.58 ,-0.01 ,0.01 ,0.00 ,11.23 ,11.44 ,10.21 ,10.46 ,1171.10 ,9607.82 ,1.43 ,100.00 ,0  ,0  ,0  ,None ,0  ,136.74 ,0.00 ,EXEC_TASK ,EN_ROUTE     ,1        ,1.00  ,0.00  
2021-10-24 11:38:06,763,24.53 ,24.00 ,24.01 ,24.08 ,24.60 ,-0.01 ,0.01 ,0.00 ,11.24 ,11.44 ,10.21 ,10.46 ,1170.56 ,9606.10 ,1.43 ,100.00 ,0  ,0  ,0  ,None ,0  ,137.10 ,0.00 ,EXEC_TASK ,EN_ROUTE     ,1        ,0.99  ,0.01  
2021-10-24 11:38:07,287,24.53 ,24.00 ,24.00 ,24.08 ,24.61 ,-0.01 ,0.00 ,0.00 ,11.24 ,11.45 ,10.21 ,10.46 ,1170.90 ,9602.16 ,1.43 ,100.00 ,0  ,0  ,0  ,None ,0  ,137.49 ,0.00 ,EXEC_TASK ,EN_ROUTE     ,1        ,0.99  ,0.01  
2021-10-24 11:38:07,795,24.53 ,24.00 ,24.00 ,24.08 ,24.62 ,-0.01 ,0.00 ,0.00 ,11.24 ,11.45 ,10.21 ,10.46 ,1171.30 ,9598.46 ,1.43 ,100.00 ,0  ,0  ,0  ,None ,0  ,137.90 ,0.00 ,EXEC_TASK ,EN_ROUTE     ,1        ,0.99  ,0.01  
2021-10-24 11:38:08,315,24.53 ,24.00 ,24.00 ,24.08 ,24.64 ,-0.01 ,0.01 ,0.00 ,11.24 ,11.45 ,10.21 ,10.46 ,1171.24 ,9594.72 ,1.44 ,100.00 ,0  ,0  ,0  ,None ,0  ,138.30 ,0.00 ,EXEC_TASK ,EN_ROUTE     ,1        ,0.99  ,0.01  
2021-10-24 11:38:08,483,24.53 ,24.00 ,24.00 ,24.08 ,24.66 ,-0.01 ,0.01 ,0.00 ,11.24 ,11.45 ,10.21 ,10.46 ,1171.24 ,9591.64 ,1.44 ,100.00 ,0  ,0  ,0  ,None ,0  ,138.42 ,0.00 ,EXEC_TASK ,EN_ROUTE     ,1        ,0.99  ,0.01  
2021-10-24 11:38:09,584,24.53 ,24.00 ,24.00 ,24.08 ,24.67 ,-0.01 ,0.01 ,0.00 ,11.24 ,11.45 ,10.21 ,10.46 ,1171.24 ,9598.40 ,1.44 ,100.00 ,0  ,0  ,0  ,None ,1  ,134.15 ,2672.00 ,EXEC_TASK ,EN_ROUTE     ,1        ,0.99  ,0.01  
2021-10-24 11:38:09,662,24.53 ,24.00 ,24.00 ,24.08 ,24.69 ,-0.01 ,0.01 ,0.00 ,11.24 ,11.45 ,10.21 ,10.46 ,1171.24 ,9608.92 ,1.44 ,100.00 ,0  ,0  ,0  ,None ,1  ,132.70 ,2880.00 ,EXEC_TASK ,EN_ROUTE     ,1        ,0.99  ,0.01  
2021-10-24 11:38:09,749,24.53 ,24.00 ,24.00 ,24.08 ,24.70 ,-0.01 ,0.01 ,0.00 ,11.24 ,11.45 ,10.21 ,10.46 ,1171.24 ,9623.30 ,1.44 ,100.00 ,0  ,0  ,0  ,None ,1  ,131.22 ,3237.00 ,EXEC_TASK ,EN_ROUTE     ,1        ,0.99  ,0.01  
2021-10-24 11:38:09,836,24.53 ,24.00 ,24.00 ,24.08 ,24.70 ,-0.01 ,0.01 ,0.00 ,11.24 ,11.45 ,10.21 ,10.46 ,1171.24 ,9642.06 ,1.44 ,100.00 ,0  ,0  ,0  ,None ,1  ,129.51 ,3467.00 ,EXEC_TASK ,EN_ROUTE     ,1        ,0.99  ,0.01  
2021-10-24 11:38:09,913,24.53 ,24.00 ,24.00 ,24.08 ,24.71 ,-0.01 ,0.01 ,0.00 ,11.24 ,11.45 ,10.21 ,10.46 ,1171.24 ,9664.84 ,1.44 ,100.00 ,0  ,0  ,0  ,None ,1  ,127.76 ,3611.00 ,EXEC_TASK ,EN_ROUTE     ,1        ,0.99  ,0.01  
2021-10-24 11:38:09,991,24.53 ,24.00 ,24.00 ,24.08 ,24.71 ,-0.01 ,0.01 ,0.00 ,11.24 ,11.45 ,10.21 ,10.46 ,1171.24 ,9682.74 ,1.44 ,100.00 ,0  ,0  ,0  ,None ,1  ,125.78 ,4042.00 ,EXEC_TASK ,EN_ROUTE     ,1        ,0.99  ,0.01  
2021-10-24 11:38:10,068,24.53 ,24.00 ,24.00 ,24.08 ,24.72 ,-0.01 ,0.01 ,0.00 ,11.24 ,11.45 ,10.21 ,10.46 ,1171.24 ,9701.72 ,1.44 ,100.00 ,0  ,0  ,0  ,None ,1  ,123.86 ,4304.00 ,EXEC_TASK ,EN_ROUTE     ,1        ,0.99  ,0.01  
2021-10-24 11:38:10,156,24.53 ,24.00 ,24.00 ,24.08 ,24.72 ,-0.01 ,0.01 ,0.00 ,11.24 ,11.45 ,10.21 ,10.46 ,1171.24 ,9722.16 ,1.44 ,100.00 ,0  ,0  ,0  ,None ,1  ,121.71 ,4430.00 ,EXEC_TASK ,EN_ROUTE     ,1        ,0.99  ,0.01  
2021-10-24 11:38:10,233,24.53 ,24.00 ,24.00 ,24.08 ,24.72 ,-0.01 ,0.01 ,0.00 ,11.24 ,11.45 ,10.21 ,10.46 ,1171.24 ,9743.88 ,1.44 ,100.00 ,0  ,0  ,0  ,None ,1  ,119.50 ,4812.00 ,EXEC_TASK ,EN_ROUTE     ,1        ,0.99  ,0.01  
2021-10-24 11:38:10,310,24.53 ,24.00 ,24.00 ,24.08 ,24.73 ,-0.01 ,0.01 ,0.00 ,11.24 ,11.45 ,10.21 ,10.46 ,1171.24 ,9766.70 ,1.44 ,100.00 ,0  ,0  ,0  ,None ,1  ,117.26 ,5316.00 ,EXEC_TASK ,EN_ROUTE     ,1        ,0.99  ,0.01  
2021-10-24 11:38:10,388,24.53 ,24.00 ,24.00 ,24.08 ,24.73 ,-0.01 ,0.01 ,0.00 ,11.24 ,11.45 ,10.21 ,10.46 ,1171.24 ,9790.62 ,1.44 ,100.00 ,0  ,0  ,0  ,None ,1  ,114.83 ,5189.00 ,EXEC_TASK ,EN_ROUTE     ,1        ,0.99  ,0.01  
2021-10-24 11:38:10,465,24.53 ,24.00 ,24.00 ,24.08 ,24.74 ,-0.01 ,0.01 ,0.00 ,11.24 ,11.45 ,10.21 ,10.46 ,1171.24 ,9815.80 ,1.44 ,100.00 ,0  ,0  ,0  ,None ,1  ,112.38 ,5688.00 ,EXEC_TASK ,EN_ROUTE     ,1        ,0.99  ,0.01  
2021-10-24 11:38:10,553,24.53 ,24.00 ,24.00 ,24.08 ,24.74 ,-0.01 ,0.01 ,0.00 ,11.24 ,11.45 ,10.21 ,10.46 ,1171.24 ,9842.12 ,1.44 ,100.00 ,0  ,0  ,0  ,None ,1  ,109.77 ,5678.00 ,EXEC_TASK ,EN_ROUTE     ,1        ,0.99  ,0.01  
2021-10-24 11:38:10,630,24.53 ,24.00 ,24.00 ,24.08 ,24.75 ,-0.01 ,0.01 ,0.00 ,11.24 ,11.45 ,10.21 ,10.46 ,1171.24 ,9869.20 ,1.44 ,100.00 ,0  ,0  ,0  ,None ,1  ,107.30 ,5611.00 ,EXEC_TASK ,EN_ROUTE     ,1        ,0.99  ,0.01  
2021-10-24 11:38:10,707,24.53 ,24.00 ,24.00 ,24.08 ,24.75 ,-0.01 ,0.01 ,0.00 ,11.24 ,11.45 ,10.21 ,10.46 ,1171.24 ,9897.06 ,1.44 ,100.00 ,0  ,0  ,0  ,None ,1  ,104.78 ,5592.00 ,EXEC_TASK ,EN_ROUTE     ,1        ,0.99  ,0.01  
2021-10-24 11:38:11,333,24.53 ,24.01 ,24.00 ,24.08 ,24.76 ,-0.01 ,0.01 ,0.00 ,11.24 ,11.45 ,10.21 ,10.46 ,1170.38 ,9921.82 ,1.44 ,100.00 ,0  ,0  ,0  ,None ,0  ,103.89 ,0.00 ,EXEC_TASK ,EN_ROUTE     ,1        ,0.99  ,0.01  
2021-10-24 11:38:11,880,24.53 ,24.01 ,24.00 ,24.08 ,24.78 ,-0.01 ,0.01 ,0.00 ,11.24 ,11.45 ,10.21 ,10.46 ,1169.70 ,9939.22 ,1.43 ,100.00 ,0  ,0  ,0  ,None ,0  ,104.86 ,0.00 ,EXEC_TASK ,EN_ROUTE     ,1        ,0.99  ,0.01  
2021-10-24 11:38:12,448,24.53 ,24.01 ,24.00 ,24.08 ,24.81 ,-0.01 ,0.00 ,0.00 ,11.24 ,11.45 ,10.21 ,10.46 ,1169.10 ,9949.16 ,1.43 ,100.00 ,0  ,0  ,0  ,None ,0  ,105.71 ,0.00 ,EXEC_TASK ,EN_ROUTE     ,1        ,0.99  ,0.01  
2021-10-24 11:38:13,012,24.53 ,24.00 ,24.00 ,24.08 ,24.83 ,-0.01 ,0.01 ,0.00 ,11.24 ,11.45 ,10.22 ,10.47 ,1168.50 ,9951.70 ,1.42 ,100.00 ,0  ,0  ,0  ,None ,0  ,106.55 ,0.00 ,EXEC_TASK ,EN_ROUTE     ,1        ,0.99  ,0.01  
2021-10-24 11:38:13,571,24.53 ,24.00 ,24.00 ,24.08 ,24.86 ,-0.01 ,0.00 ,0.00 ,11.25 ,11.45 ,10.22 ,10.47 ,1167.98 ,9946.92 ,1.42 ,100.00 ,0  ,0  ,0  ,None ,0  ,107.39 ,0.00 ,EXEC_TASK ,EN_ROUTE     ,1        ,0.98  ,0.02  
2021-10-24 11:38:14,124,24.53 ,24.00 ,24.00 ,24.08 ,24.89 ,-0.00 ,-0.00 ,0.00 ,11.25 ,11.46 ,10.22 ,10.47 ,1168.30 ,9938.40 ,1.42 ,100.00 ,0  ,0  ,0  ,None ,0  ,108.14 ,0.00 ,EXEC_TASK ,EN_ROUTE     ,1        ,0.98  ,0.02  
2021-10-24 11:38:14,632,24.53 ,23.99 ,24.01 ,24.09 ,24.92 ,-0.00 ,-0.00 ,0.00 ,11.25 ,11.45 ,10.22 ,10.47 ,1168.42 ,9930.52 ,1.42 ,100.00 ,0  ,0  ,0  ,None ,0  ,108.81 ,0.00 ,EXEC_TASK ,EN_ROUTE     ,1        ,0.98  ,0.02  
2021-10-24 11:38:15,155,24.52 ,24.00 ,24.01 ,24.08 ,24.95 ,-0.01 ,-0.00 ,0.00 ,11.25 ,11.45 ,10.22 ,10.47 ,1168.58 ,9923.02 ,1.42 ,100.00 ,0  ,0  ,0  ,None ,0  ,109.44 ,0.00 ,EXEC_TASK ,EN_ROUTE     ,1        ,0.98  ,0.02  
2021-10-24 11:38:15,332,24.52 ,24.00 ,24.01 ,24.08 ,24.97 ,-0.01 ,-0.00 ,0.00 ,11.25 ,11.45 ,10.22 ,10.47 ,1168.58 ,9916.92 ,1.42 ,100.00 ,0  ,0  ,0  ,None ,0  ,109.61 ,0.00 ,EXEC_TASK ,EN_ROUTE     ,1        ,0.98  ,0.02  
2021-10-24 11:38:16,432,24.52 ,24.00 ,24.01 ,24.08 ,25.00 ,-0.01 ,-0.00 ,0.00 ,11.25 ,11.45 ,10.22 ,10.47 ,1168.58 ,9920.22 ,1.42 ,100.00 ,0  ,0  ,0  ,None ,1  ,106.33 ,2596.00 ,EXEC_TASK ,EN_ROUTE     ,1        ,0.98  ,0.02  
2021-10-24 11:38:16,508,24.52 ,24.00 ,24.01 ,24.08 ,25.02 ,-0.01 ,-0.00 ,0.00 ,11.25 ,11.45 ,10.22 ,10.47 ,1168.58 ,9928.06 ,1.42 ,100.00 ,0  ,0  ,0  ,None ,1  ,104.95 ,2991.00 ,EXEC_TASK ,EN_ROUTE     ,1        ,0.98  ,0.02  
2021-10-24 11:38:16,594,24.52 ,24.00 ,24.01 ,24.08 ,25.04 ,-0.01 ,-0.00 ,0.00 ,11.25 ,11.45 ,10.22 ,10.47 ,1168.58 ,9940.58 ,1.42 ,100.00 ,0  ,0  ,0  ,None ,1  ,103.51 ,3186.00 ,EXEC_TASK ,EN_ROUTE     ,1        ,0.98  ,0.02  
2021-10-24 11:38:16,674,24.52 ,24.00 ,24.01 ,24.08 ,25.05 ,-0.01 ,-0.00 ,0.00 ,11.25 ,11.45 ,10.22 ,10.47 ,1168.58 ,9958.00 ,1.42 ,100.00 ,0  ,0  ,0  ,None ,1  ,101.92 ,3315.00 ,EXEC_TASK ,EN_ROUTE     ,1        ,0.98  ,0.02  
2021-10-24 11:38:16,750,24.52 ,24.00 ,24.01 ,24.08 ,25.07 ,-0.01 ,-0.00 ,0.00 ,11.25 ,11.45 ,10.22 ,10.47 ,1168.58 ,9979.70 ,1.42 ,100.00 ,0  ,0  ,0  ,None ,1  ,100.20 ,3892.00 ,EXEC_TASK ,EN_ROUTE     ,1        ,0.98  ,0.02  
2021-10-24 11:38:16,836,24.52 ,24.00 ,24.01 ,24.08 ,25.07 ,-0.01 ,-0.00 ,0.00 ,11.25 ,11.45 ,10.22 ,10.47 ,1168.58 ,9997.82 ,1.42 ,100.00 ,0  ,0  ,0  ,None ,1  ,98.37 ,4123.00 ,EXEC_TASK ,EN_ROUTE     ,1        ,0.98  ,0.02  
2021-10-24 11:38:16,911,24.52 ,24.00 ,24.01 ,24.08 ,25.08 ,-0.01 ,-0.00 ,0.00 ,11.25 ,11.45 ,10.22 ,10.47 ,1168.58 ,10017.46 ,1.42 ,100.00 ,0  ,0  ,0  ,None ,1  ,96.41 ,4231.00 ,EXEC_TASK ,EN_ROUTE     ,1        ,0.98  ,0.02  
2021-10-24 11:38:16,987,24.52 ,24.00 ,24.01 ,24.08 ,25.08 ,-0.01 ,-0.00 ,0.00 ,11.25 ,11.45 ,10.22 ,10.47 ,1168.58 ,10038.38 ,1.42 ,100.00 ,0  ,0  ,0  ,None ,1  ,94.42 ,4761.00 ,EXEC_TASK ,EN_ROUTE     ,1        ,0.98  ,0.02  
2021-10-24 11:38:17,073,24.52 ,24.00 ,24.01 ,24.08 ,25.09 ,-0.01 ,-0.00 ,0.00 ,11.25 ,11.45 ,10.22 ,10.47 ,1168.58 ,10060.72 ,1.42 ,100.00 ,0  ,0  ,0  ,None ,1  ,92.27 ,4852.00 ,EXEC_TASK ,EN_ROUTE     ,1        ,0.98  ,0.02  
2021-10-24 11:38:17,149,24.52 ,24.00 ,24.01 ,24.08 ,25.10 ,-0.01 ,-0.00 ,0.00 ,11.25 ,11.45 ,10.22 ,10.47 ,1168.58 ,10084.20 ,1.42 ,100.00 ,0  ,0  ,0  ,None ,1  ,90.05 ,5000.00 ,EXEC_TASK ,EN_ROUTE     ,1        ,0.98  ,0.02  
2021-10-24 11:38:17,224,24.52 ,24.00 ,24.01 ,24.08 ,25.10 ,-0.01 ,-0.00 ,0.00 ,11.25 ,11.45 ,10.22 ,10.47 ,1168.58 ,10108.96 ,1.42 ,100.00 ,0  ,0  ,0  ,None ,1  ,87.77 ,5307.00 ,EXEC_TASK ,EN_ROUTE     ,1        ,0.98  ,0.02  
2021-10-24 11:38:17,310,24.52 ,24.00 ,24.01 ,24.08 ,25.11 ,-0.01 ,-0.00 ,0.00 ,11.25 ,11.45 ,10.22 ,10.47 ,1168.58 ,10135.16 ,1.42 ,100.00 ,0  ,0  ,0  ,None ,1  ,85.22 ,5482.00 ,EXEC_TASK ,EN_ROUTE     ,1        ,0.98  ,0.02  
2021-10-24 11:38:17,385,24.52 ,24.00 ,24.01 ,24.08 ,25.11 ,-0.01 ,-0.00 ,0.00 ,11.25 ,11.45 ,10.22 ,10.47 ,1168.58 ,10162.58 ,1.42 ,100.00 ,0  ,0  ,0  ,None ,1  ,82.76 ,5817.00 ,EXEC_TASK ,EN_ROUTE     ,1        ,0.98  ,0.02  
2021-10-24 11:38:17,461,24.52 ,24.00 ,24.01 ,24.08 ,25.11 ,-0.01 ,-0.00 ,0.00 ,11.25 ,11.45 ,10.22 ,10.47 ,1168.58 ,10191.00 ,1.42 ,100.00 ,0  ,0  ,0  ,None ,1  ,80.25 ,5602.00 ,EXEC_TASK ,EN_ROUTE     ,1        ,0.98  ,0.02  
2021-10-24 11:38:17,541,24.52 ,24.00 ,24.01 ,24.08 ,25.12 ,-0.01 ,-0.00 ,0.00 ,11.25 ,11.45 ,10.22 ,10.47 ,1168.58 ,10220.16 ,1.42 ,100.00 ,0  ,0  ,0  ,None ,1  ,77.83 ,5841.00 ,EXEC_TASK ,EN_ROUTE     ,1        ,0.98  ,0.02  
2021-10-24 11:38:18,162,24.52 ,24.00 ,24.00 ,24.09 ,25.14 ,-0.01 ,-0.00 ,0.00 ,11.25 ,11.45 ,10.22 ,10.47 ,1166.72 ,10244.28 ,1.42 ,100.00 ,0  ,0  ,0  ,None ,0  ,77.79 ,0.00 ,EXEC_TASK ,EN_ROUTE     ,1        ,0.98  ,0.02  
2021-10-24 11:38:18,674,24.52 ,24.00 ,24.01 ,24.08 ,25.16 ,0.00 ,0.01 ,0.00 ,11.25 ,11.45 ,10.22 ,10.47 ,1165.10 ,10260.28 ,1.42 ,100.00 ,0  ,0  ,0  ,None ,0  ,78.80 ,0.00 ,EXEC_TASK ,EN_ROUTE     ,1        ,0.98  ,0.02  
2021-10-24 11:38:19,201,24.52 ,24.01 ,24.01 ,24.08 ,25.19 ,0.00 ,-0.00 ,0.00 ,11.25 ,11.45 ,10.22 ,10.47 ,1163.78 ,10268.36 ,1.42 ,100.00 ,0  ,0  ,0  ,None ,0  ,79.78 ,0.00 ,EXEC_TASK ,EN_ROUTE     ,1        ,0.98  ,0.02  
2021-10-24 11:38:19,756,24.52 ,24.01 ,24.00 ,24.08 ,25.22 ,0.00 ,-0.00 ,0.00 ,11.25 ,11.46 ,10.23 ,10.48 ,1162.64 ,10268.26 ,1.41 ,100.00 ,0  ,0  ,0  ,None ,0  ,80.79 ,0.00 ,EXEC_TASK ,EN_ROUTE     ,1        ,0.98  ,0.02  
2021-10-24 11:38:20,322,24.52 ,24.01 ,24.00 ,24.08 ,25.26 ,-0.00 ,0.01 ,0.00 ,11.25 ,11.46 ,10.23 ,10.48 ,1161.48 ,10260.40 ,1.40 ,100.00 ,0  ,0  ,0  ,None ,0  ,81.69 ,0.00 ,EXEC_TASK ,EN_ROUTE     ,1        ,0.98  ,0.02  
2021-10-24 11:38:20,832,24.52 ,24.01 ,24.01 ,24.07 ,25.30 ,-0.00 ,0.01 ,0.00 ,11.26 ,11.47 ,10.24 ,10.48 ,1162.44 ,10250.46 ,1.40 ,100.00 ,0  ,0  ,0  ,None ,0  ,82.45 ,0.00 ,EXEC_TASK ,EN_ROUTE     ,1        ,0.97  ,0.03  
2021-10-24 11:38:21,355,24.52 ,24.01 ,24.01 ,24.07 ,25.33 ,0.00 ,0.00 ,0.00 ,11.26 ,11.47 ,10.24 ,10.48 ,1163.14 ,10241.24 ,1.40 ,100.00 ,0  ,0  ,0  ,None ,0  ,83.09 ,0.00 ,EXEC_TASK ,EN_ROUTE     ,1        ,0.97  ,0.03  
2021-10-24 11:38:21,865,24.52 ,24.01 ,24.01 ,24.07 ,25.35 ,0.00 ,0.00 ,0.00 ,11.26 ,11.47 ,10.24 ,10.48 ,1163.52 ,10232.48 ,1.40 ,100.00 ,0  ,0  ,0  ,None ,0  ,83.86 ,0.00 ,EXEC_TASK ,EN_ROUTE     ,1        ,0.97  ,0.03  
2021-10-24 11:38:22,059,24.52 ,24.01 ,24.01 ,24.07 ,25.37 ,-0.00 ,0.00 ,0.00 ,11.26 ,11.47 ,10.24 ,10.48 ,1163.52 ,10225.44 ,1.40 ,100.00 ,0  ,0  ,0  ,None ,0  ,84.07 ,0.00 ,EXEC_TASK ,EN_ROUTE     ,1        ,0.97  ,0.03  
2021-10-24 11:38:23,149,24.52 ,24.01 ,24.01 ,24.07 ,25.40 ,-0.00 ,0.00 ,0.00 ,11.26 ,11.47 ,10.24 ,10.48 ,1163.52 ,10228.76 ,1.40 ,100.00 ,0  ,0  ,0  ,None ,1  ,80.64 ,2536.00 ,EXEC_TASK ,EN_ROUTE     ,1        ,0.97  ,0.03  
2021-10-24 11:38:23,236,24.52 ,24.01 ,24.01 ,24.07 ,25.42 ,-0.00 ,0.00 ,0.00 ,11.26 ,11.47 ,10.24 ,10.48 ,1163.52 ,10237.08 ,1.40 ,100.00 ,0  ,0  ,0  ,None ,1  ,79.27 ,2794.00 ,EXEC_TASK ,EN_ROUTE     ,1        ,0.97  ,0.03  
2021-10-24 11:38:23,314,24.52 ,24.01 ,24.01 ,24.07 ,25.44 ,-0.00 ,0.00 ,0.00 ,11.26 ,11.47 ,10.24 ,10.48 ,1163.52 ,10250.18 ,1.40 ,100.00 ,0  ,0  ,0  ,None ,1  ,77.86 ,3083.00 ,EXEC_TASK ,EN_ROUTE     ,1        ,0.97  ,0.03  
2021-10-24 11:38:23,403,24.52 ,24.01 ,24.01 ,24.07 ,25.45 ,-0.00 ,0.00 ,0.00 ,11.26 ,11.47 ,10.24 ,10.48 ,1163.52 ,10268.76 ,1.40 ,100.00 ,0  ,0  ,0  ,None ,1  ,76.27 ,3393.00 ,EXEC_TASK ,EN_ROUTE     ,1        ,0.97  ,0.03  
2021-10-24 11:38:23,480,24.52 ,24.01 ,24.01 ,24.07 ,25.46 ,-0.00 ,0.00 ,0.00 ,11.26 ,11.47 ,10.24 ,10.48 ,1163.52 ,10291.86 ,1.40 ,100.00 ,0  ,0  ,0  ,None ,1  ,74.58 ,3810.00 ,EXEC_TASK ,EN_ROUTE     ,1        ,0.97  ,0.03  
2021-10-24 11:38:23,556,24.52 ,24.01 ,24.01 ,24.07 ,25.47 ,-0.00 ,0.00 ,0.00 ,11.26 ,11.47 ,10.24 ,10.48 ,1163.52 ,10310.98 ,1.40 ,100.00 ,0  ,0  ,0  ,None ,1  ,72.76 ,3903.00 ,EXEC_TASK ,EN_ROUTE     ,1        ,0.97  ,0.03  
2021-10-24 11:38:23,633,24.52 ,24.01 ,24.01 ,24.07 ,25.47 ,-0.00 ,0.00 ,0.00 ,11.26 ,11.47 ,10.24 ,10.48 ,1163.52 ,10331.42 ,1.40 ,100.00 ,0  ,0  ,0  ,None ,1  ,70.86 ,4206.00 ,EXEC_TASK ,EN_ROUTE     ,1        ,0.97  ,0.03  
2021-10-24 11:38:23,721,24.52 ,24.01 ,24.01 ,24.07 ,25.48 ,-0.00 ,0.00 ,0.00 ,11.26 ,11.47 ,10.24 ,10.48 ,1163.52 ,10353.38 ,1.40 ,100.00 ,0  ,0  ,0  ,None ,1  ,68.88 ,4332.00 ,EXEC_TASK ,EN_ROUTE     ,1        ,0.97  ,0.03  
2021-10-24 11:38:23,799,24.52 ,24.01 ,24.01 ,24.07 ,25.48 ,-0.00 ,0.00 ,0.00 ,11.26 ,11.47 ,10.24 ,10.48 ,1163.52 ,10376.78 ,1.40 ,100.00 ,0  ,0  ,0  ,None ,1  ,66.71 ,4692.00 ,EXEC_TASK ,EN_ROUTE     ,1        ,0.97  ,0.03  
2021-10-24 11:38:23,876,24.52 ,24.01 ,24.01 ,24.07 ,25.49 ,-0.00 ,0.00 ,0.00 ,11.26 ,11.47 ,10.24 ,10.48 ,1163.52 ,10401.80 ,1.40 ,100.00 ,0  ,0  ,0  ,None ,1  ,64.43 ,4955.00 ,EXEC_TASK ,EN_ROUTE     ,1        ,0.97  ,0.03  
2021-10-24 11:38:23,953,24.52 ,24.01 ,24.01 ,24.07 ,25.49 ,-0.00 ,0.00 ,0.00 ,11.26 ,11.47 ,10.24 ,10.48 ,1163.52 ,10428.14 ,1.40 ,100.00 ,0  ,0  ,0  ,None ,1  ,62.10 ,5091.00 ,EXEC_TASK ,EN_ROUTE     ,1        ,0.97  ,0.03  
2021-10-24 11:38:24,040,24.52 ,24.01 ,24.01 ,24.07 ,25.50 ,-0.00 ,0.00 ,0.00 ,11.26 ,11.47 ,10.24 ,10.48 ,1163.52 ,10455.94 ,1.40 ,100.00 ,0  ,0  ,0  ,None ,1  ,59.66 ,5464.00 ,EXEC_TASK ,EN_ROUTE     ,1        ,0.97  ,0.03  
2021-10-24 11:38:24,118,24.52 ,24.01 ,24.01 ,24.07 ,25.50 ,-0.00 ,0.00 ,0.00 ,11.26 ,11.47 ,10.24 ,10.48 ,1163.52 ,10485.10 ,1.40 ,100.00 ,0  ,0  ,0  ,None ,1  ,57.21 ,5509.00 ,EXEC_TASK ,EN_ROUTE     ,1        ,0.97  ,0.03  
2021-10-24 11:38:24,195,24.52 ,24.01 ,24.01 ,24.07 ,25.51 ,-0.00 ,0.00 ,0.00 ,11.26 ,11.47 ,10.24 ,10.48 ,1163.52 ,10515.28 ,1.40 ,100.00 ,0  ,0  ,0  ,None ,1  ,54.70 ,5878.00 ,EXEC_TASK ,EN_ROUTE     ,1        ,0.97  ,0.03  
2021-10-24 11:38:24,271,24.52 ,24.01 ,24.01 ,24.07 ,25.51 ,-0.00 ,0.00 ,0.00 ,11.26 ,11.47 ,10.24 ,10.48 ,1163.52 ,10546.14 ,1.40 ,100.00 ,0  ,0  ,0  ,None ,1  ,52.22 ,5509.00 ,EXEC_TASK ,EN_ROUTE     ,1        ,0.97  ,0.03  
2021-10-24 11:38:24,895,24.53 ,24.01 ,24.02 ,24.07 ,25.53 ,-0.00 ,0.00 ,0.00 ,11.26 ,11.47 ,10.24 ,10.48 ,1156.02 ,10572.44 ,1.40 ,100.00 ,0  ,0  ,0  ,None ,0  ,51.88 ,0.00 ,EXEC_TASK ,EN_ROUTE     ,1        ,0.97  ,0.03  
2021-10-24 11:38:25,407,24.53 ,24.01 ,24.02 ,24.07 ,25.55 ,-0.01 ,0.00 ,0.00 ,11.26 ,11.47 ,10.24 ,10.48 ,1149.16 ,10590.16 ,1.42 ,100.00 ,0  ,0  ,0  ,None ,0  ,52.95 ,0.00 ,EXEC_TASK ,EN_ROUTE     ,1        ,0.97  ,0.03  
2021-10-24 11:38:25,949,24.53 ,24.01 ,24.03 ,24.07 ,25.57 ,-0.01 ,0.00 ,0.00 ,11.26 ,11.47 ,10.24 ,10.48 ,1142.82 ,10599.22 ,1.42 ,100.00 ,0  ,0  ,0  ,None ,0  ,53.94 ,0.00 ,EXEC_TASK ,EN_ROUTE     ,1        ,0.97  ,0.03  
2021-10-24 11:38:26,511,24.53 ,24.01 ,24.04 ,24.07 ,25.60 ,-0.01 ,-0.00 ,0.00 ,11.26 ,11.47 ,10.24 ,10.49 ,1137.08 ,10599.80 ,1.41 ,100.00 ,0  ,0  ,0  ,None ,0  ,54.88 ,0.00 ,EXEC_TASK ,EN_ROUTE     ,1        ,0.97  ,0.03  
2021-10-24 11:38:27,017,24.53 ,24.02 ,24.04 ,24.08 ,25.63 ,-0.01 ,-0.00 ,0.00 ,11.26 ,11.47 ,10.24 ,10.49 ,1131.72 ,10591.90 ,1.41 ,100.00 ,0  ,0  ,0  ,None ,0  ,55.78 ,0.00 ,EXEC_TASK ,EN_ROUTE     ,1        ,0.97  ,0.03  
2021-10-24 11:38:27,541,24.53 ,24.02 ,24.05 ,24.08 ,25.66 ,-0.00 ,0.00 ,0.00 ,11.27 ,11.48 ,10.25 ,10.50 ,1134.40 ,10580.92 ,1.40 ,100.00 ,0  ,0  ,0  ,None ,0  ,56.61 ,0.00 ,EXEC_TASK ,EN_ROUTE     ,1        ,0.96  ,0.04  
2021-10-24 11:38:28,106,24.53 ,24.02 ,24.05 ,24.08 ,25.69 ,0.00 ,-0.00 ,0.00 ,11.28 ,11.48 ,10.25 ,10.51 ,1136.78 ,10570.56 ,1.39 ,100.00 ,0  ,0  ,0  ,None ,0  ,57.42 ,0.00 ,EXEC_TASK ,EN_ROUTE     ,1        ,0.95  ,0.05  
2021-10-24 11:38:28,611,24.52 ,24.01 ,24.06 ,24.09 ,25.72 ,0.00 ,-0.00 ,0.00 ,11.29 ,11.49 ,10.26 ,10.51 ,1138.82 ,10560.92 ,1.38 ,100.00 ,0  ,0  ,0  ,None ,0  ,58.14 ,0.00 ,EXEC_TASK ,EN_ROUTE     ,1        ,0.94  ,0.06  
2021-10-24 11:38:28,803,24.52 ,24.01 ,24.06 ,24.09 ,25.74 ,0.01 ,0.00 ,0.00 ,11.29 ,11.49 ,10.26 ,10.51 ,1138.82 ,10552.86 ,1.37 ,100.00 ,0  ,0  ,0  ,None ,0  ,58.38 ,0.00 ,EXEC_TASK ,EN_ROUTE     ,1        ,0.94  ,0.06  
2021-10-24 11:38:29,895,24.52 ,24.01 ,24.06 ,24.09 ,25.76 ,0.01 ,0.00 ,0.00 ,11.29 ,11.49 ,10.26 ,10.51 ,1138.82 ,10554.96 ,1.37 ,100.00 ,0  ,0  ,0  ,None ,1  ,55.29 ,2452.00 ,EXEC_TASK ,EN_ROUTE     ,1        ,0.94  ,0.06  
2021-10-24 11:38:29,972,24.52 ,24.01 ,24.06 ,24.09 ,25.78 ,0.01 ,0.00 ,0.00 ,11.29 ,11.49 ,10.26 ,10.51 ,1138.82 ,10562.26 ,1.37 ,100.00 ,0  ,0  ,0  ,None ,1  ,53.99 ,2812.00 ,EXEC_TASK ,EN_ROUTE     ,1        ,0.94  ,0.06  
2021-10-24 11:38:30,061,24.52 ,24.01 ,24.06 ,24.09 ,25.79 ,0.01 ,0.00 ,0.00 ,11.29 ,11.49 ,10.26 ,10.51 ,1138.82 ,10575.30 ,1.37 ,100.00 ,0  ,0  ,0  ,None ,1  ,52.47 ,3067.00 ,EXEC_TASK ,EN_ROUTE     ,1        ,0.94  ,0.06  
2021-10-24 11:38:30,138,24.52 ,24.01 ,24.06 ,24.09 ,25.80 ,0.01 ,0.00 ,0.00 ,11.29 ,11.49 ,10.26 ,10.51 ,1138.82 ,10593.92 ,1.37 ,100.00 ,0  ,0  ,0  ,None ,1  ,50.94 ,3224.00 ,EXEC_TASK ,EN_ROUTE     ,1        ,0.94  ,0.06  
2021-10-24 11:38:30,225,24.52 ,24.01 ,24.06 ,24.09 ,25.81 ,0.01 ,0.00 ,0.00 ,11.29 ,11.49 ,10.26 ,10.51 ,1138.82 ,10617.42 ,1.37 ,100.00 ,0  ,0  ,0  ,None ,1  ,49.30 ,3599.00 ,EXEC_TASK ,EN_ROUTE     ,1        ,0.94  ,0.06  
2021-10-24 11:38:30,843,24.53 ,24.01 ,24.06 ,24.08 ,25.82 ,0.01 ,0.00 ,0.00 ,11.30 ,11.50 ,10.27 ,10.52 ,1135.80 ,10633.82 ,1.37 ,100.00 ,0  ,0  ,1  ,None ,0  ,49.03 ,0.00 ,EXEC_TASK ,EN_ROUTE     ,1        ,0.93  ,0.07  
2021-10-24 11:38:31,373,24.53 ,24.00 ,24.07 ,24.08 ,25.84 ,0.01 ,0.00 ,0.00 ,11.31 ,11.52 ,10.28 ,10.54 ,1133.08 ,10645.18 ,1.35 ,100.00 ,0  ,0  ,1  ,None ,0  ,49.76 ,0.00 ,EXEC_TASK ,EN_ROUTE     ,1        ,0.92  ,0.08  
2021-10-24 11:38:31,935,24.53 ,24.00 ,24.07 ,24.08 ,25.86 ,0.02 ,0.00 ,0.00 ,11.32 ,11.53 ,10.30 ,10.55 ,1130.82 ,10651.04 ,1.34 ,100.00 ,0  ,0  ,1  ,None ,0  ,50.41 ,0.00 ,EXEC_TASK ,EN_ROUTE     ,1        ,0.91  ,0.09  
2021-10-24 11:38:32,506,24.54 ,23.99 ,24.07 ,24.08 ,25.88 ,0.01 ,0.00 ,0.00 ,11.33 ,11.54 ,10.31 ,10.56 ,1128.40 ,10651.28 ,1.33 ,100.00 ,0  ,0  ,0  ,None ,0  ,51.11 ,0.00 ,EXEC_TASK ,EN_ROUTE     ,1        ,0.90  ,0.10  
2021-10-24 11:38:33,006,24.54 ,23.98 ,24.07 ,24.08 ,25.90 ,0.01 ,0.00 ,0.00 ,11.34 ,11.55 ,10.32 ,10.57 ,1126.24 ,10645.94 ,1.33 ,100.00 ,0  ,0  ,0  ,None ,0  ,51.62 ,0.00 ,EXEC_TASK ,EN_ROUTE     ,1        ,0.89  ,0.11  
2021-10-24 11:38:33,535,24.54 ,23.99 ,24.07 ,24.09 ,25.91 ,0.01 ,0.00 ,0.00 ,11.35 ,11.56 ,10.32 ,10.58 ,1128.92 ,10638.10 ,1.32 ,100.00 ,0  ,0  ,0  ,None ,0  ,52.25 ,0.00 ,EXEC_TASK ,EN_ROUTE     ,1        ,0.88  ,0.12  
2021-10-24 11:38:34,091,24.53 ,23.99 ,24.08 ,24.09 ,25.92 ,0.00 ,0.00 ,0.00 ,11.36 ,11.56 ,10.33 ,10.59 ,1131.30 ,10630.76 ,1.32 ,100.00 ,0  ,0  ,0  ,None ,0  ,52.74 ,0.00 ,EXEC_TASK ,EN_ROUTE     ,1        ,0.87  ,0.13  
2021-10-24 11:38:34,603,24.53 ,23.98 ,24.08 ,24.09 ,25.93 ,0.00 ,0.00 ,0.00 ,11.37 ,11.57 ,10.34 ,10.60 ,1133.24 ,10623.90 ,1.31 ,100.00 ,0  ,0  ,0  ,None ,0  ,53.24 ,0.00 ,EXEC_TASK ,EN_ROUTE     ,1        ,0.86  ,0.14  
2021-10-24 11:38:34,806,24.53 ,23.98 ,24.08 ,24.09 ,25.93 ,0.00 ,0.00 ,0.00 ,11.37 ,11.57 ,10.34 ,10.60 ,1133.24 ,10618.38 ,1.30 ,100.00 ,0  ,0  ,0  ,None ,0  ,53.39 ,0.00 ,EXEC_TASK ,EN_ROUTE     ,1        ,0.86  ,0.14  
2021-10-24 11:38:35,878,24.53 ,23.98 ,24.08 ,24.09 ,25.94 ,0.00 ,0.00 ,0.00 ,11.37 ,11.57 ,10.34 ,10.60 ,1133.24 ,10623.38 ,1.30 ,100.00 ,0  ,0  ,0  ,None ,1  ,49.81 ,2510.00 ,EXEC_TASK ,EN_ROUTE     ,1        ,0.86  ,0.14  
2021-10-24 11:38:36,502,24.51 ,23.98 ,24.08 ,24.10 ,25.96 ,0.00 ,0.00 ,0.00 ,11.38 ,11.59 ,10.36 ,10.61 ,1133.02 ,10630.06 ,1.30 ,100.00 ,0  ,0  ,1  ,None ,0  ,49.83 ,0.00 ,EXEC_TASK ,EN_ROUTE     ,1        ,0.85  ,0.15  
2021-10-24 11:38:37,025,24.51 ,23.97 ,24.09 ,24.11 ,25.97 ,-0.00 ,0.00 ,0.00 ,11.40 ,11.61 ,10.38 ,10.63 ,1132.98 ,10636.94 ,1.26 ,100.00 ,0  ,0  ,1  ,None ,0  ,50.24 ,0.00 ,EXEC_TASK ,EN_ROUTE     ,1        ,0.83  ,0.17  
2021-10-24 11:38:37,548,24.50 ,23.96 ,24.09 ,24.11 ,25.98 ,-0.01 ,0.00 ,0.00 ,11.41 ,11.63 ,10.39 ,10.64 ,1133.10 ,10643.94 ,1.25 ,100.00 ,0  ,0  ,0  ,None ,0  ,50.64 ,0.00 ,EXEC_TASK ,EN_ROUTE     ,1        ,0.81  ,0.19  
2021-10-24 11:38:38,106,24.50 ,23.96 ,24.09 ,24.12 ,25.99 ,-0.01 ,-0.00 ,0.00 ,11.43 ,11.64 ,10.41 ,10.66 ,1133.36 ,10650.20 ,1.24 ,100.00 ,0  ,0  ,0  ,None ,0  ,51.08 ,0.00 ,EXEC_TASK ,EN_ROUTE     ,1        ,0.80  ,0.20  
2021-10-24 11:38:38,659,24.50 ,23.95 ,24.09 ,24.13 ,26.00 ,-0.01 ,-0.00 ,0.00 ,11.45 ,11.66 ,10.43 ,10.68 ,1133.90 ,10646.28 ,1.23 ,100.00 ,0  ,0  ,0  ,None ,0  ,51.44 ,0.00 ,EXEC_TASK ,EN_ROUTE     ,1        ,0.78  ,0.22  
2021-10-24 11:38:39,222,24.50 ,23.96 ,24.09 ,24.13 ,26.00 ,-0.01 ,-0.00 ,0.00 ,11.46 ,11.67 ,10.44 ,10.69 ,1136.80 ,10641.14 ,1.21 ,100.00 ,0  ,0  ,0  ,None ,0  ,51.86 ,0.00 ,EXEC_TASK ,EN_ROUTE     ,1        ,0.77  ,0.23  
2021-10-24 11:38:39,725,24.50 ,23.96 ,24.09 ,24.13 ,26.00 ,-0.01 ,-0.00 ,0.00 ,11.47 ,11.68 ,10.45 ,10.70 ,1139.42 ,10636.24 ,1.20 ,100.00 ,0  ,0  ,0  ,None ,0  ,52.16 ,0.00 ,EXEC_TASK ,EN_ROUTE     ,1        ,0.76  ,0.24  
2021-10-24 11:38:40,248,24.49 ,23.96 ,24.09 ,24.13 ,26.00 ,-0.02 ,-0.00 ,0.00 ,11.49 ,11.69 ,10.47 ,10.72 ,1142.02 ,10631.56 ,1.18 ,100.00 ,0  ,0  ,0  ,None ,0  ,52.50 ,0.00 ,EXEC_TASK ,EN_ROUTE     ,1        ,0.74  ,0.26  
2021-10-24 11:38:40,473,24.49 ,23.96 ,24.09 ,24.13 ,26.00 ,-0.02 ,-0.00 ,0.00 ,11.49 ,11.69 ,10.47 ,10.72 ,1142.02 ,10627.64 ,1.17 ,100.00 ,0  ,0  ,0  ,None ,0  ,52.64 ,0.00 ,EXEC_TASK ,EN_ROUTE     ,1        ,0.74  ,0.26  
2021-10-24 11:38:41,574,24.49 ,23.96 ,24.09 ,24.13 ,26.01 ,-0.02 ,-0.00 ,0.00 ,11.49 ,11.69 ,10.47 ,10.72 ,1142.02 ,10632.94 ,1.17 ,100.00 ,0  ,0  ,0  ,None ,1  ,49.40 ,2448.00 ,EXEC_TASK ,EN_ROUTE     ,1        ,0.74  ,0.26  
2021-10-24 11:38:42,190,24.49 ,23.96 ,24.10 ,24.12 ,26.01 ,-0.02 ,-0.00 ,0.00 ,11.51 ,11.72 ,10.49 ,10.74 ,1142.48 ,10639.92 ,1.17 ,100.00 ,0  ,0  ,1  ,None ,0  ,49.14 ,0.00 ,EXEC_TASK ,EN_ROUTE     ,1        ,0.72  ,0.28  
2021-10-24 11:38:42,709,24.49 ,23.96 ,24.10 ,24.11 ,26.01 ,-0.01 ,-0.00 ,0.00 ,11.54 ,11.75 ,10.52 ,10.77 ,1143.22 ,10646.94 ,1.11 ,100.00 ,0  ,0  ,1  ,None ,0  ,49.42 ,0.00 ,EXEC_TASK ,EN_ROUTE     ,1        ,0.69  ,0.31  
2021-10-24 11:38:43,227,24.48 ,23.96 ,24.10 ,24.11 ,26.00 ,-0.01 ,-0.00 ,0.00 ,11.56 ,11.77 ,10.54 ,10.79 ,1144.16 ,10653.82 ,1.10 ,100.00 ,0  ,0  ,1  ,None ,0  ,49.78 ,0.00 ,EXEC_TASK ,EN_ROUTE     ,1        ,0.67  ,0.33  
2021-10-24 11:38:43,782,24.48 ,23.96 ,24.10 ,24.10 ,26.00 ,0.00 ,0.00 ,0.00 ,11.59 ,11.80 ,10.57 ,10.82 ,1145.22 ,10660.30 ,1.08 ,100.00 ,0  ,0  ,1  ,None ,0  ,50.06 ,0.00 ,EXEC_TASK ,EN_ROUTE     ,1        ,0.64  ,0.36  
2021-10-24 11:38:44,337,24.48 ,23.96 ,24.10 ,24.09 ,25.99 ,0.00 ,0.00 ,-0.00 ,11.61 ,11.83 ,10.60 ,10.84 ,1146.42 ,10657.92 ,1.05 ,100.00 ,0  ,0  ,0  ,None ,0  ,50.25 ,0.00 ,EXEC_TASK ,EN_ROUTE     ,1        ,0.61  ,0.39  
2021-10-24 11:38:44,890,24.48 ,23.95 ,24.09 ,24.09 ,25.99 ,0.00 ,0.00 ,-0.00 ,11.63 ,11.85 ,10.62 ,10.86 ,1149.74 ,10654.16 ,1.03 ,100.00 ,0  ,0  ,0  ,None ,0  ,50.55 ,0.00 ,EXEC_TASK ,EN_ROUTE     ,1        ,0.59  ,0.41  
2021-10-24 11:38:45,441,24.48 ,23.95 ,24.09 ,24.09 ,25.98 ,0.01 ,0.00 ,-0.00 ,11.65 ,11.87 ,10.64 ,10.88 ,1152.90 ,10650.44 ,1.01 ,100.00 ,0  ,0  ,0  ,None ,0  ,50.80 ,0.00 ,EXEC_TASK ,EN_ROUTE     ,1        ,0.57  ,0.43  
2021-10-24 11:38:45,947,24.48 ,23.94 ,24.08 ,24.10 ,25.98 ,0.01 ,0.00 ,-0.00 ,11.67 ,11.88 ,10.66 ,10.90 ,1155.80 ,10647.02 ,1.00 ,100.00 ,0  ,0  ,0  ,None ,0  ,51.02 ,0.00 ,EXEC_TASK ,EN_ROUTE     ,1        ,0.55  ,0.45  
2021-10-24 11:38:46,470,24.47 ,23.94 ,24.08 ,24.11 ,25.97 ,0.01 ,0.00 ,-0.00 ,11.69 ,11.90 ,10.68 ,10.92 ,1158.76 ,10643.90 ,0.98 ,100.00 ,0  ,0  ,0  ,None ,0  ,51.20 ,0.00 ,EXEC_TASK ,EN_ROUTE     ,1        ,0.53  ,0.47  
2021-10-24 11:38:46,690,24.47 ,23.94 ,24.08 ,24.11 ,25.97 ,0.01 ,0.00 ,-0.00 ,11.69 ,11.90 ,10.68 ,10.92 ,1158.76 ,10641.10 ,0.96 ,100.00 ,0  ,0  ,0  ,None ,0  ,51.27 ,0.00 ,EXEC_TASK ,EN_ROUTE     ,1        ,0.53  ,0.47  
2021-10-24 11:38:47,781,24.47 ,23.94 ,24.08 ,24.11 ,25.96 ,0.01 ,0.00 ,-0.00 ,11.69 ,11.90 ,10.68 ,10.92 ,1158.76 ,10648.32 ,0.96 ,100.00 ,0  ,0  ,0  ,None ,1  ,47.63 ,2328.00 ,EXEC_TASK ,EN_ROUTE     ,1        ,0.53  ,0.47  
2021-10-24 11:38:48,407,24.47 ,23.94 ,24.07 ,24.11 ,25.96 ,0.01 ,0.00 ,-0.00 ,11.73 ,11.93 ,10.71 ,10.96 ,1159.42 ,10656.72 ,0.96 ,100.00 ,0  ,0  ,1  ,None ,0  ,47.44 ,0.00 ,EXEC_TASK ,EN_ROUTE     ,1        ,0.50  ,0.50  
2021-10-24 11:38:48,921,24.47 ,23.94 ,24.07 ,24.11 ,25.95 ,0.01 ,0.00 ,-0.01 ,11.76 ,11.96 ,10.74 ,10.99 ,1160.44 ,10665.22 ,0.88 ,100.00 ,0  ,0  ,1  ,None ,0  ,47.62 ,0.00 ,EXEC_TASK ,EN_ROUTE     ,1        ,0.47  ,0.53  
2021-10-24 11:38:49,435,24.46 ,23.93 ,24.07 ,24.11 ,25.94 ,0.01 ,0.00 ,-0.00 ,11.79 ,11.99 ,10.77 ,11.02 ,1161.50 ,10673.60 ,0.86 ,100.00 ,0  ,0  ,1  ,None ,0  ,47.82 ,0.00 ,EXEC_TASK ,EN_ROUTE     ,1        ,0.44  ,0.56  
2021-10-24 11:38:49,991,24.46 ,23.94 ,24.06 ,24.11 ,25.93 ,0.01 ,0.00 ,-0.00 ,11.82 ,12.03 ,10.80 ,11.05 ,1162.84 ,10681.56 ,0.84 ,100.00 ,0  ,0  ,1  ,None ,0  ,48.06 ,0.00 ,EXEC_TASK ,EN_ROUTE     ,1        ,0.41  ,0.59  
2021-10-24 11:38:50,546,24.45 ,23.94 ,24.06 ,24.11 ,25.93 ,0.00 ,0.00 ,-0.00 ,11.85 ,12.06 ,10.84 ,11.08 ,1164.28 ,10679.76 ,0.81 ,100.00 ,0  ,0  ,1  ,None ,0  ,48.26 ,0.00 ,EXEC_TASK ,EN_ROUTE     ,1        ,0.37  ,0.63  
2021-10-24 11:38:51,097,24.45 ,23.94 ,24.06 ,24.11 ,25.92 ,0.00 ,0.00 ,-0.00 ,11.87 ,12.09 ,10.86 ,11.11 ,1168.10 ,10676.84 ,0.79 ,100.00 ,0  ,0  ,1  ,None ,0  ,48.45 ,0.00 ,EXEC_TASK ,HOLD_ON_TARGET ,1        ,0.35  ,0.65  
2021-10-24 11:38:51,652,24.45 ,23.94 ,24.06 ,24.11 ,25.91 ,0.00 ,0.00 ,0.00 ,11.90 ,12.11 ,10.89 ,11.13 ,1171.66 ,10673.90 ,0.77 ,100.00 ,0  ,0  ,1  ,None ,0  ,48.65 ,0.00 ,EXEC_TASK ,HOLD_ON_TARGET ,1        ,0.32  ,0.68  
2021-10-24 11:38:52,210,24.45 ,23.94 ,24.07 ,24.11 ,25.90 ,0.01 ,0.00 ,0.00 ,11.92 ,12.13 ,10.91 ,11.15 ,1175.08 ,10671.10 ,0.74 ,100.00 ,0  ,0  ,1  ,None ,0  ,48.79 ,0.00 ,EXEC_TASK ,HOLD_ON_TARGET ,1        ,0.30  ,0.70  
2021-10-24 11:38:52,768,24.45 ,23.94 ,24.07 ,24.10 ,25.89 ,0.01 ,0.00 ,0.00 ,11.95 ,12.16 ,10.94 ,11.18 ,1178.58 ,10668.36 ,0.72 ,100.00 ,0  ,0  ,1  ,None ,0  ,49.00 ,0.00 ,EXEC_TASK ,HOLD_ON_TARGET ,1        ,0.27  ,0.73  
2021-10-24 11:38:53,319,24.44 ,23.93 ,24.07 ,24.10 ,25.88 ,0.01 ,-0.01 ,0.00 ,11.97 ,12.18 ,10.96 ,11.20 ,1181.92 ,10665.74 ,0.69 ,100.00 ,0  ,0  ,1  ,None ,0  ,49.14 ,0.00 ,EXEC_TASK ,HOLD_ON_TARGET ,1        ,0.25  ,0.75  
2021-10-24 11:38:53,877,24.44 ,23.92 ,24.07 ,24.09 ,25.87 ,0.01 ,-0.01 ,0.00 ,12.00 ,12.21 ,10.99 ,11.23 ,1185.22 ,10663.26 ,0.67 ,100.00 ,0  ,0  ,1  ,None ,0  ,49.30 ,0.00 ,EXEC_TASK ,HOLD_ON_TARGET ,1        ,0.22  ,0.78  
2021-10-24 11:38:54,423,24.44 ,23.91 ,24.07 ,24.10 ,25.86 ,0.01 ,-0.01 ,0.00 ,12.02 ,12.23 ,11.01 ,11.25 ,1188.46 ,10660.88 ,0.64 ,100.00 ,0  ,0  ,1  ,None ,0  ,49.45 ,0.00 ,EXEC_TASK ,HOLD_ON_TARGET ,1        ,0.20  ,0.80  
2021-10-24 11:38:54,979,24.44 ,23.91 ,24.07 ,24.10 ,25.86 ,0.01 ,-0.01 ,0.00 ,12.05 ,12.26 ,11.04 ,11.28 ,1191.68 ,10658.50 ,0.62 ,100.00 ,0  ,0  ,1  ,None ,0  ,49.60 ,0.00 ,EXEC_TASK ,HOLD_ON_TARGET ,1        ,0.17  ,0.83  
2021-10-24 11:38:55,533,24.44 ,23.91 ,24.07 ,24.10 ,25.85 ,0.01 ,-0.01 ,0.00 ,12.07 ,12.28 ,11.06 ,11.30 ,1194.78 ,10656.22 ,0.60 ,100.00 ,0  ,0  ,1  ,None ,0  ,49.75 ,0.00 ,EXEC_TASK ,HOLD_ON_TARGET ,1        ,0.15  ,0.85  
2021-10-24 11:38:56,085,24.44 ,23.92 ,24.07 ,24.11 ,25.84 ,0.01 ,-0.01 ,0.00 ,12.10 ,12.31 ,11.08 ,11.33 ,1197.92 ,10653.98 ,0.57 ,100.00 ,0  ,0  ,1  ,None ,0  ,49.86 ,0.00 ,EXEC_TASK ,HOLD_ON_TARGET ,1        ,0.13  ,0.87  
2021-10-24 11:38:56,637,24.44 ,23.93 ,24.07 ,24.11 ,25.82 ,0.00 ,-0.01 ,0.00 ,12.12 ,12.33 ,11.11 ,11.35 ,1200.98 ,10651.74 ,0.55 ,100.00 ,0  ,0  ,1  ,None ,0  ,50.03 ,0.00 ,EXEC_TASK ,HOLD_ON_TARGET ,1        ,0.10  ,0.90  
2021-10-24 11:38:57,191,24.44 ,23.93 ,24.06 ,24.11 ,25.81 ,0.00 ,-0.01 ,0.00 ,12.15 ,12.36 ,11.13 ,11.38 ,1204.12 ,10649.64 ,0.53 ,100.00 ,0  ,0  ,0  ,None ,0  ,50.13 ,0.00 ,EXEC_TASK ,HOLD_ON_TARGET ,1        ,0.08  ,0.92  
2021-10-24 11:38:57,396,24.44 ,23.93 ,24.06 ,24.11 ,25.81 ,0.00 ,-0.01 ,0.00 ,12.15 ,12.36 ,11.13 ,11.38 ,1204.12 ,10647.84 ,0.50 ,100.00 ,0  ,0  ,0  ,None ,0  ,50.18 ,0.00 ,EXEC_TASK ,HOLD_ON_TARGET ,1        ,0.08  ,0.92  
2021-10-24 11:38:58,503,24.44 ,23.93 ,24.06 ,24.11 ,25.80 ,0.00 ,-0.01 ,0.00 ,12.15 ,12.36 ,11.13 ,11.38 ,1204.12 ,10654.88 ,0.50 ,100.00 ,0  ,0  ,0  ,None ,1  ,46.87 ,2323.00 ,EXEC_TASK ,HOLD_ON_TARGET ,1        ,0.08  ,0.92  
2021-10-24 11:38:59,119,24.43 ,23.92 ,24.06 ,24.11 ,25.79 ,0.00 ,-0.01 ,0.00 ,12.18 ,12.39 ,11.17 ,11.41 ,1204.78 ,10663.46 ,0.50 ,100.00 ,0  ,0  ,1  ,None ,0  ,46.39 ,0.00 ,EXEC_TASK ,HOLD_ON_TARGET ,1        ,0.04  ,0.96  
2021-10-24 11:38:59,665,24.43 ,23.92 ,24.05 ,24.10 ,25.78 ,-0.01 ,-0.00 ,0.00 ,12.22 ,12.43 ,11.21 ,11.45 ,1205.72 ,10671.98 ,0.42 ,100.00 ,0  ,0  ,1  ,None ,0  ,46.58 ,0.00 ,EXEC_TASK ,HOLD_ON_TARGET ,1        ,0.00  ,1.00  
2021-10-24 11:39:00,220,24.43 ,23.92 ,24.04 ,24.10 ,25.77 ,-0.01 ,-0.00 ,0.00 ,12.26 ,12.47 ,11.24 ,11.49 ,1206.98 ,10680.44 ,0.39 ,100.00 ,0  ,0  ,1  ,None ,0  ,46.70 ,0.00 ,EXEC_TASK ,HOLD_ON_TARGET ,1        ,-0.03 ,1.03  
2021-10-24 11:39:00,767,24.43 ,23.91 ,24.03 ,24.10 ,25.75 ,-0.01 ,0.00 ,0.00 ,12.30 ,12.51 ,11.28 ,11.52 ,1208.44 ,10688.56 ,0.37 ,100.00 ,0  ,0  ,1  ,None ,0  ,46.87 ,0.00 ,EXEC_TASK ,HOLD_ON_TARGET ,1        ,-0.07 ,1.07  
2021-10-24 11:39:01,328,24.43 ,23.90 ,24.03 ,24.11 ,25.75 ,-0.01 ,0.00 ,0.00 ,12.33 ,12.54 ,11.32 ,11.56 ,1209.94 ,10688.00 ,0.35 ,100.00 ,0  ,0  ,1  ,None ,0  ,46.97 ,0.00 ,EXEC_TASK ,HOLD_ON_TARGET ,1        ,-0.11 ,1.11  
2021-10-24 11:39:01,875,24.43 ,23.90 ,24.03 ,24.11 ,25.74 ,-0.01 ,0.00 ,0.00 ,12.36 ,12.57 ,11.34 ,11.58 ,1214.06 ,10685.80 ,0.32 ,100.00 ,0  ,0  ,1  ,None ,0  ,47.13 ,0.00 ,EXEC_TASK ,HOLD_ON_TARGET ,1        ,-0.13 ,1.13  
2021-10-24 11:39:02,417,24.43 ,23.90 ,24.02 ,24.11 ,25.73 ,-0.01 ,-0.00 ,0.00 ,12.38 ,12.59 ,11.36 ,11.61 ,1217.70 ,10683.80 ,0.30 ,100.00 ,0  ,0  ,1  ,None ,0  ,47.21 ,0.00 ,EXEC_TASK ,HOLD_ON_TARGET ,1        ,-0.15 ,1.15  
2021-10-24 11:39:02,965,24.43 ,23.90 ,24.02 ,24.11 ,25.72 ,-0.01 ,-0.00 ,0.00 ,12.41 ,12.61 ,11.39 ,11.63 ,1221.02 ,10681.78 ,0.28 ,100.00 ,0  ,0  ,1  ,None ,0  ,47.37 ,0.00 ,EXEC_TASK ,HOLD_ON_TARGET ,1        ,-0.18 ,1.18  
2021-10-24 11:39:03,509,24.43 ,23.89 ,24.02 ,24.12 ,25.71 ,-0.00 ,-0.00 ,0.00 ,12.43 ,12.64 ,11.41 ,11.65 ,1224.26 ,10679.88 ,3.13 ,100.00 ,0  ,0  ,1  ,None ,0  ,47.46 ,0.00 ,EXEC_TASK ,HOLD_ON_TARGET ,1        ,-0.20 ,1.20  
2021-10-24 11:39:04,019,24.43 ,23.90 ,24.02 ,24.12 ,25.70 ,-0.00 ,-0.00 ,0.00 ,12.45 ,12.66 ,11.44 ,11.68 ,1227.44 ,10678.10 ,3.10 ,100.00 ,0  ,0  ,1  ,None ,0  ,47.52 ,0.00 ,EXEC_TASK ,HOLD_ON_TARGET ,1        ,-0.23 ,1.23  
2021-10-24 11:39:04,226,24.43 ,23.90 ,24.02 ,24.12 ,25.69 ,-0.00 ,-0.00 ,0.00 ,12.45 ,12.66 ,11.44 ,11.68 ,1227.44 ,10676.60 ,3.06 ,100.00 ,0  ,0  ,1  ,None ,0  ,47.59 ,0.00 ,EXEC_TASK ,HOLD_ON_TARGET ,1        ,-0.23 ,1.23  
2021-10-24 11:39:05,301,24.43 ,23.90 ,24.02 ,24.12 ,25.68 ,-0.00 ,-0.00 ,0.00 ,12.45 ,12.66 ,11.44 ,11.68 ,1227.44 ,10637.16 ,3.06 ,100.00 ,0  ,0  ,1  ,None ,1  ,62.63 ,4286.00 ,EXEC_TASK ,HOLD_ON_TARGET ,1        ,-0.23 ,1.23  
2021-10-24 11:39:05,374,24.43 ,23.90 ,24.02 ,24.12 ,25.67 ,-0.00 ,-0.00 ,0.00 ,12.45 ,12.66 ,11.44 ,11.68 ,1227.44 ,10592.70 ,3.06 ,100.00 ,0  ,0  ,0  ,None ,1  ,64.81 ,4697.00 ,EXEC_TASK ,HOLD_ON_TARGET ,1        ,-0.23 ,1.23  
2021-10-24 11:39:05,454,24.43 ,23.90 ,24.02 ,24.12 ,25.66 ,-0.00 ,-0.00 ,0.00 ,12.45 ,12.66 ,11.44 ,11.68 ,1227.44 ,10542.70 ,3.06 ,100.00 ,0  ,0  ,0  ,None ,1  ,67.20 ,4666.00 ,EXEC_TASK ,HOLD_ON_TARGET ,1        ,-0.23 ,1.23  
2021-10-24 11:39:05,533,24.43 ,23.90 ,24.02 ,24.12 ,25.65 ,-0.00 ,-0.00 ,0.00 ,12.45 ,12.66 ,11.44 ,11.68 ,1227.44 ,10486.80 ,3.06 ,100.00 ,0  ,0  ,0  ,None ,1  ,69.67 ,5238.00 ,EXEC_TASK ,HOLD_ON_TARGET ,1        ,-0.23 ,1.23  
2021-10-24 11:39:05,610,24.43 ,23.90 ,24.02 ,24.12 ,25.65 ,-0.00 ,-0.00 ,0.00 ,12.45 ,12.66 ,11.44 ,11.68 ,1227.44 ,10424.84 ,3.06 ,100.00 ,0  ,0  ,0  ,None ,1  ,72.23 ,5282.00 ,EXEC_TASK ,HOLD_ON_TARGET ,1        ,-0.23 ,1.23  
2021-10-24 11:39:05,687,24.43 ,23.90 ,24.02 ,24.12 ,25.64 ,-0.00 ,-0.00 ,0.00 ,12.45 ,12.66 ,11.44 ,11.68 ,1227.44 ,10394.48 ,3.06 ,100.00 ,0  ,0  ,0  ,None ,1  ,74.96 ,5452.00 ,EXEC_TASK ,HOLD_ON_TARGET ,1        ,-0.23 ,1.23  
2021-10-24 11:39:06,309,24.43 ,23.90 ,24.02 ,24.12 ,25.63 ,-0.00 ,-0.00 ,0.00 ,12.49 ,12.70 ,11.47 ,11.72 ,1243.74 ,10364.52 ,3.06 ,100.00 ,0  ,0  ,0  ,None ,0  ,76.97 ,0.00 ,EXEC_TASK ,HOLD_ON_TARGET ,1        ,-0.26 ,1.26  
2021-10-24 11:39:06,824,24.43 ,23.90 ,24.01 ,24.12 ,25.62 ,-0.00 ,0.00 ,0.00 ,12.52 ,12.73 ,11.51 ,11.75 ,1259.62 ,10340.94 ,3.01 ,100.00 ,0  ,0  ,0  ,None ,0  ,76.70 ,0.00 ,EXEC_TASK ,HOLD_ON_TARGET ,1        ,-0.30 ,1.30  
2021-10-24 11:39:07,378,24.43 ,23.90 ,24.01 ,24.11 ,25.60 ,-0.00 ,0.00 ,0.00 ,12.56 ,12.77 ,11.55 ,11.79 ,1274.74 ,10324.02 ,2.99 ,83.00 ,0  ,0  ,0  ,None ,0  ,76.40 ,0.00 ,EXEC_TASK ,HOLD_ON_TARGET ,1        ,-0.34 ,1.34  
2021-10-24 11:39:07,942,24.43 ,23.91 ,24.01 ,24.11 ,25.58 ,-0.00 ,0.00 ,0.00 ,12.59 ,12.80 ,11.57 ,11.82 ,1289.26 ,10313.80 ,2.98 ,100.00 ,0  ,0  ,0  ,None ,0  ,76.14 ,0.00 ,EXEC_TASK ,HOLD_ON_TARGET ,1        ,-0.36 ,1.36  
2021-10-24 11:39:08,501,24.44 ,23.90 ,24.01 ,24.09 ,25.56 ,-0.00 ,0.00 ,-0.01 ,12.62 ,12.82 ,11.59 ,11.84 ,1302.80 ,10310.52 ,2.97 ,66.00 ,0  ,0  ,0  ,None ,0  ,75.95 ,0.00 ,EXEC_TASK ,HOLD_ON_TARGET ,1        ,-0.39 ,1.39  
2021-10-24 11:39:09,006,24.44 ,23.91 ,24.01 ,24.09 ,25.53 ,-0.00 ,0.00 ,-0.01 ,12.62 ,12.83 ,11.60 ,11.84 ,1302.40 ,10312.64 ,2.97 ,83.00 ,0  ,0  ,0  ,None ,0  ,75.72 ,0.00 ,EXEC_TASK ,HOLD_ON_TARGET ,1        ,-0.39 ,1.39  
2021-10-24 11:39:09,540,24.44 ,23.91 ,24.01 ,24.09 ,25.51 ,-0.01 ,0.00 ,-0.01 ,12.63 ,12.83 ,11.60 ,11.84 ,1301.82 ,10314.54 ,2.98 ,100.00 ,0  ,0  ,0  ,None ,0  ,75.57 ,0.00 ,EXEC_TASK ,HOLD_ON_TARGET ,1        ,-0.39 ,1.39  
2021-10-24 11:39:10,094,24.44 ,23.91 ,24.01 ,24.08 ,25.48 ,-0.01 ,0.00 ,-0.01 ,12.62 ,12.83 ,11.59 ,11.84 ,1301.16 ,10316.34 ,2.98 ,100.00 ,0  ,0  ,0  ,None ,0  ,75.31 ,0.00 ,EXEC_TASK ,HOLD_ON_TARGET ,1        ,-0.39 ,1.39  
2021-10-24 11:39:10,662,24.44 ,23.91 ,24.00 ,24.08 ,25.46 ,-0.01 ,0.00 ,-0.01 ,12.62 ,12.82 ,11.59 ,11.83 ,1300.06 ,10317.98 ,2.98 ,100.00 ,0  ,0  ,0  ,None ,0  ,75.14 ,0.00 ,EXEC_TASK ,HOLD_ON_TARGET ,1        ,-0.38 ,1.38  
2021-10-24 11:39:10,884,24.44 ,23.91 ,24.00 ,24.08 ,25.44 ,-0.01 ,0.00 ,-0.01 ,12.62 ,12.82 ,11.59 ,11.83 ,1300.06 ,10319.34 ,2.97 ,100.00 ,0  ,0  ,0  ,None ,0  ,75.12 ,0.00 ,EXEC_TASK ,HOLD_ON_TARGET ,1        ,-0.38 ,1.38  
2021-10-24 11:39:11,963,24.44 ,23.91 ,24.00 ,24.08 ,25.42 ,-0.01 ,0.00 ,-0.01 ,12.62 ,12.82 ,11.59 ,11.83 ,1300.06 ,10285.32 ,2.97 ,100.00 ,0  ,0  ,0  ,None ,1  ,89.72 ,4222.00 ,EXEC_TASK ,HOLD_ON_TARGET ,1        ,-0.38 ,1.38  
2021-10-24 11:39:12,051,24.44 ,23.91 ,24.00 ,24.08 ,25.40 ,-0.01 ,0.00 ,-0.01 ,12.62 ,12.82 ,11.59 ,11.83 ,1300.06 ,10245.54 ,2.97 ,100.00 ,0  ,0  ,0  ,None ,1  ,92.09 ,4664.00 ,EXEC_TASK ,HOLD_ON_TARGET ,1        ,-0.38 ,1.38  
2021-10-24 11:39:12,128,24.44 ,23.91 ,24.00 ,24.08 ,25.38 ,-0.01 ,0.00 ,-0.01 ,12.62 ,12.82 ,11.59 ,11.83 ,1300.06 ,10200.26 ,2.97 ,100.00 ,0  ,0  ,0  ,None ,1  ,94.25 ,4784.00 ,EXEC_TASK ,HOLD_ON_TARGET ,1        ,-0.38 ,1.38  
2021-10-24 11:39:12,208,24.44 ,23.91 ,24.00 ,24.08 ,25.37 ,-0.01 ,0.00 ,-0.01 ,12.62 ,12.82 ,11.59 ,11.83 ,1300.06 ,10149.18 ,2.97 ,100.00 ,0  ,0  ,0  ,None ,1  ,96.64 ,5167.00 ,EXEC_TASK ,HOLD_ON_TARGET ,1        ,-0.38 ,1.38  
2021-10-24 11:39:12,285,24.44 ,23.91 ,24.00 ,24.08 ,25.35 ,-0.01 ,0.00 ,-0.01 ,12.62 ,12.82 ,11.59 ,11.83 ,1300.06 ,10092.36 ,2.97 ,100.00 ,0  ,0  ,0  ,None ,1  ,99.13 ,5268.00 ,EXEC_TASK ,HOLD_ON_TARGET ,1        ,-0.38 ,1.38  
2021-10-24 11:39:12,361,24.44 ,23.91 ,24.00 ,24.08 ,25.35 ,-0.01 ,0.00 ,-0.01 ,12.62 ,12.82 ,11.59 ,11.83 ,1300.06 ,10064.18 ,2.97 ,100.00 ,0  ,0  ,0  ,None ,1  ,101.90 ,5399.00 ,EXEC_TASK ,HOLD_ON_TARGET ,1        ,-0.38 ,1.38  
2021-10-24 11:39:12,437,24.44 ,23.91 ,24.00 ,24.08 ,25.34 ,-0.01 ,0.00 ,-0.01 ,12.62 ,12.82 ,11.59 ,11.83 ,1300.06 ,10035.54 ,2.97 ,100.00 ,0  ,0  ,0  ,None ,1  ,104.55 ,5567.00 ,EXEC_TASK ,HOLD_ON_TARGET ,1        ,-0.38 ,1.38  
2021-10-24 11:39:13,059,24.44 ,23.91 ,23.98 ,24.07 ,25.33 ,-0.01 ,0.00 ,-0.01 ,12.60 ,12.81 ,11.57 ,11.82 ,1300.68 ,10007.22 ,2.97 ,100.00 ,0  ,0  ,0  ,None ,0  ,106.49 ,0.00 ,EXEC_TASK ,HOLD_ON_TARGET ,1        ,-0.37 ,1.37  
2021-10-24 11:39:13,580,24.44 ,23.91 ,23.97 ,24.05 ,25.31 ,-0.01 ,-0.00 ,-0.01 ,12.59 ,12.79 ,11.56 ,11.80 ,1300.96 ,9985.46 ,2.98 ,100.00 ,0  ,0  ,0  ,None ,0  ,105.89 ,0.00 ,EXEC_TASK ,HOLD_ON_TARGET ,1        ,-0.35 ,1.35  
2021-10-24 11:39:14,144,24.44 ,23.90 ,23.96 ,24.04 ,25.28 ,-0.01 ,-0.01 ,0.00 ,12.57 ,12.77 ,11.54 ,11.78 ,1300.88 ,9970.72 ,2.98 ,100.00 ,0  ,0  ,0  ,None ,0  ,105.20 ,0.00 ,EXEC_TASK ,HOLD_ON_TARGET ,1        ,-0.33 ,1.33  
2021-10-24 11:39:14,708,24.45 ,23.91 ,23.95 ,24.03 ,25.25 ,-0.00 ,0.00 ,0.00 ,12.55 ,12.75 ,11.51 ,11.75 ,1300.56 ,9963.32 ,2.99 ,100.00 ,0  ,0  ,0  ,None ,0  ,104.64 ,0.00 ,EXEC_TASK ,HOLD_ON_TARGET ,1        ,-0.31 ,1.31  
2021-10-24 11:39:15,278,24.45 ,23.91 ,23.94 ,24.01 ,25.20 ,-0.01 ,-0.00 ,0.00 ,12.52 ,12.72 ,11.48 ,11.73 ,1299.94 ,9962.96 ,3.02 ,100.00 ,0  ,0  ,0  ,None ,0  ,104.06 ,0.00 ,EXEC_TASK ,HOLD_ON_TARGET ,1        ,-0.28 ,1.28  
2021-10-24 11:39:15,787,24.45 ,23.91 ,23.93 ,24.00 ,25.16 ,-0.01 ,-0.00 ,0.00 ,12.50 ,12.70 ,11.46 ,11.70 ,1297.40 ,9968.16 ,3.06 ,100.00 ,0  ,0  ,0  ,None ,0  ,103.59 ,0.00 ,EXEC_TASK ,HOLD_ON_TARGET ,1        ,-0.26 ,1.26  
2021-10-24 11:39:16,322,24.45 ,23.91 ,23.93 ,24.00 ,25.13 ,0.00 ,-0.00 ,0.00 ,12.47 ,12.67 ,11.44 ,11.67 ,1294.76 ,9973.28 ,3.09 ,100.00 ,0  ,0  ,0  ,None ,0  ,103.06 ,0.00 ,EXEC_TASK ,HOLD_ON_TARGET ,1        ,-0.23 ,1.23  
2021-10-24 11:39:16,847,24.45 ,23.91 ,23.92 ,23.99 ,25.09 ,0.00 ,-0.00 ,0.00 ,12.44 ,12.65 ,11.41 ,11.65 ,1291.94 ,9977.86 ,3.09 ,100.00 ,0  ,0  ,0  ,None ,0  ,102.66 ,0.00 ,EXEC_TASK ,HOLD_ON_TARGET ,1        ,-0.21 ,1.21  
2021-10-24 11:39:17,380,24.45 ,23.91 ,23.92 ,23.98 ,25.06 ,0.00 ,-0.00 ,0.01 ,12.41 ,12.62 ,11.38 ,11.62 ,1288.88 ,9982.30 ,3.08 ,100.00 ,0  ,0  ,0  ,None ,0  ,102.19 ,0.00 ,EXEC_TASK ,HOLD_ON_TARGET ,1        ,-0.18 ,1.18  
2021-10-24 11:39:17,548,24.45 ,23.91 ,23.92 ,23.98 ,25.03 ,0.00 ,-0.00 ,0.01 ,12.41 ,12.62 ,11.38 ,11.62 ,1288.88 ,9985.96 ,3.07 ,100.00 ,0  ,0  ,0  ,None ,0  ,102.04 ,0.00 ,EXEC_TASK ,HOLD_ON_TARGET ,1        ,-0.18 ,1.18  
2021-10-24 11:39:18,641,24.45 ,23.91 ,23.92 ,23.98 ,25.00 ,0.00 ,-0.00 ,0.01 ,12.41 ,12.62 ,11.38 ,11.62 ,1288.88 ,9956.36 ,3.07 ,100.00 ,0  ,0  ,0  ,None ,1  ,116.44 ,4286.00 ,EXEC_TASK ,HOLD_ON_TARGET ,1        ,-0.18 ,1.18  
2021-10-24 11:39:18,716,24.45 ,23.91 ,23.92 ,23.98 ,24.98 ,0.00 ,-0.00 ,0.01 ,12.41 ,12.62 ,11.38 ,11.62 ,1288.88 ,9921.20 ,3.07 ,100.00 ,0  ,0  ,0  ,None ,1  ,118.50 ,4470.00 ,EXEC_TASK ,HOLD_ON_TARGET ,1        ,-0.18 ,1.18  
2021-10-24 11:39:18,793,24.45 ,23.91 ,23.92 ,23.98 ,24.96 ,0.00 ,-0.00 ,0.01 ,12.41 ,12.62 ,11.38 ,11.62 ,1288.88 ,9879.22 ,3.07 ,100.00 ,0  ,0  ,0  ,None ,1  ,121.31 ,4686.00 ,EXEC_TASK ,HOLD_ON_TARGET ,1        ,-0.18 ,1.18  
2021-10-24 11:39:18,878,24.45 ,23.91 ,23.92 ,23.98 ,24.94 ,0.00 ,-0.00 ,0.01 ,12.41 ,12.62 ,11.38 ,11.62 ,1288.88 ,9831.78 ,3.07 ,100.00 ,0  ,0  ,0  ,None ,1  ,123.42 ,5025.00 ,EXEC_TASK ,HOLD_ON_TARGET ,1        ,-0.18 ,1.18  
2021-10-24 11:39:18,957,24.45 ,23.91 ,23.92 ,23.98 ,24.93 ,0.00 ,-0.00 ,0.01 ,12.41 ,12.62 ,11.38 ,11.62 ,1288.88 ,9778.50 ,3.07 ,100.00 ,0  ,0  ,0  ,None ,1  ,125.99 ,5336.00 ,EXEC_TASK ,HOLD_ON_TARGET ,1        ,-0.18 ,1.18  
2021-10-24 11:39:19,035,24.45 ,23.91 ,23.92 ,23.98 ,24.92 ,0.00 ,-0.00 ,0.01 ,12.41 ,12.62 ,11.38 ,11.62 ,1288.88 ,9751.84 ,3.07 ,100.00 ,0  ,0  ,0  ,None ,1  ,128.68 ,5479.00 ,EXEC_TASK ,HOLD_ON_TARGET ,1        ,-0.18 ,1.18  
2021-10-24 11:39:19,658,24.45 ,23.91 ,23.92 ,23.97 ,24.91 ,0.00 ,-0.00 ,0.01 ,12.36 ,12.57 ,11.32 ,11.56 ,1283.92 ,9726.80 ,3.07 ,100.00 ,0  ,0  ,0  ,None ,0  ,129.94 ,0.00 ,EXEC_TASK ,HOLD_ON_TARGET ,1        ,-0.12 ,1.12  
2021-10-24 11:39:20,181,24.46 ,23.91 ,23.91 ,23.97 ,24.89 ,0.01 ,0.00 ,0.01 ,12.30 ,12.51 ,11.26 ,11.50 ,1278.58 ,9709.34 ,3.23 ,100.00 ,0  ,0  ,0  ,None ,0  ,129.14 ,0.00 ,EXEC_TASK ,HOLD_ON_TARGET ,1        ,-0.06 ,1.06  
2021-10-24 11:39:20,704,24.46 ,23.91 ,23.91 ,23.96 ,24.87 ,0.01 ,-0.00 ,0.01 ,12.24 ,12.44 ,11.20 ,11.44 ,1272.80 ,9697.80 ,3.27 ,100.00 ,0  ,0  ,0  ,None ,0  ,128.43 ,0.00 ,EXEC_TASK ,HOLD_ON_TARGET ,1        ,0.00  ,1.00  
2021-10-24 11:39:21,256,24.47 ,23.92 ,23.90 ,23.96 ,24.84 ,0.01 ,-0.00 ,0.01 ,12.17 ,12.38 ,11.13 ,11.37 ,1266.48 ,9693.28 ,0.53 ,100.00 ,0  ,0  ,0  ,None ,0  ,127.63 ,0.00 ,EXEC_TASK ,HOLD_ON_TARGET ,1        ,0.07  ,0.93  
2021-10-24 11:39:21,802,24.47 ,23.92 ,23.90 ,23.96 ,24.80 ,0.01 ,-0.00 ,0.01 ,12.10 ,12.31 ,11.06 ,11.30 ,1259.72 ,9695.84 ,0.57 ,100.00 ,0  ,0  ,0  ,None ,0  ,126.94 ,0.00 ,EXEC_TASK ,HOLD_ON_TARGET ,1        ,0.14  ,0.86  
2021-10-24 11:39:22,355,24.48 ,23.92 ,23.89 ,23.96 ,24.77 ,0.00 ,-0.00 ,0.01 ,12.05 ,12.25 ,11.01 ,11.24 ,1254.52 ,9702.48 ,0.63 ,100.00 ,0  ,0  ,0  ,None ,0  ,126.31 ,0.00 ,EXEC_TASK ,HOLD_ON_TARGET ,1        ,0.19  ,0.81  
2021-10-24 11:39:22,904,24.48 ,23.92 ,23.89 ,23.96 ,24.73 ,0.00 ,-0.00 ,0.01 ,12.00 ,12.20 ,10.95 ,11.19 ,1249.16 ,9708.82 ,0.71 ,100.00 ,0  ,0  ,0  ,None ,0  ,125.68 ,0.00 ,EXEC_TASK ,HOLD_ON_TARGET ,1        ,0.25  ,0.75  
2021-10-24 11:39:23,462,24.48 ,23.92 ,23.89 ,23.96 ,24.70 ,0.01 ,-0.00 ,0.00 ,11.95 ,12.14 ,10.90 ,11.14 ,1243.46 ,9715.02 ,0.77 ,100.00 ,0  ,0  ,0  ,None ,0  ,125.07 ,0.00 ,EXEC_TASK ,HOLD_ON_TARGET ,1        ,0.30  ,0.70  
2021-10-24 11:39:24,013,24.48 ,23.91 ,23.89 ,23.96 ,24.67 ,0.01 ,-0.00 ,0.00 ,11.89 ,12.09 ,10.84 ,11.08 ,1237.66 ,9720.60 ,0.83 ,100.00 ,0  ,0  ,0  ,None ,0  ,124.59 ,0.00 ,EXEC_TASK ,HOLD_ON_TARGET ,1        ,0.36  ,0.64  
2021-10-24 11:39:24,567,24.48 ,23.91 ,23.89 ,23.97 ,24.65 ,0.00 ,-0.00 ,0.00 ,11.83 ,12.03 ,10.78 ,11.02 ,1231.78 ,9725.94 ,0.87 ,100.00 ,0  ,0  ,0  ,None ,0  ,124.06 ,0.00 ,EXEC_TASK ,HOLD_ON_TARGET ,1        ,0.42  ,0.58  
2021-10-24 11:39:24,778,24.48 ,23.91 ,23.89 ,23.97 ,24.63 ,0.00 ,-0.00 ,0.00 ,11.83 ,12.03 ,10.78 ,11.02 ,1231.78 ,9730.38 ,0.92 ,100.00 ,0  ,0  ,0  ,None ,0  ,123.93 ,0.00 ,EXEC_TASK ,HOLD_ON_TARGET ,1        ,0.42  ,0.58  
2021-10-24 11:39:25,878,24.48 ,23.91 ,23.89 ,23.97 ,24.60 ,0.00 ,-0.00 ,0.00 ,11.83 ,12.03 ,10.78 ,11.02 ,1231.78 ,9745.84 ,0.92 ,100.00 ,0  ,0  ,0  ,None ,1  ,118.20 ,2607.00 ,EXEC_TASK ,HOLD_ON_TARGET ,1        ,0.42  ,0.58  
2021-10-24 11:39:25,965,24.48 ,23.91 ,23.89 ,23.97 ,24.58 ,0.00 ,-0.00 ,0.00 ,11.83 ,12.03 ,10.78 ,11.02 ,1231.78 ,9763.66 ,0.92 ,100.00 ,0  ,0  ,0  ,None ,1  ,116.57 ,2796.00 ,EXEC_TASK ,HOLD_ON_TARGET ,1        ,0.42  ,0.58  
2021-10-24 11:39:26,041,24.48 ,23.91 ,23.89 ,23.97 ,24.57 ,0.00 ,-0.00 ,0.00 ,11.83 ,12.03 ,10.78 ,11.02 ,1231.78 ,9783.86 ,0.92 ,100.00 ,0  ,0  ,0  ,None ,1  ,115.12 ,3066.00 ,EXEC_TASK ,HOLD_ON_TARGET ,1        ,0.42  ,0.58  
2021-10-24 11:39:26,129,24.48 ,23.91 ,23.89 ,23.97 ,24.56 ,0.00 ,-0.00 ,0.00 ,11.83 ,12.03 ,10.78 ,11.02 ,1231.78 ,9806.78 ,0.92 ,100.00 ,0  ,0  ,0  ,None ,1  ,113.39 ,3417.00 ,EXEC_TASK ,HOLD_ON_TARGET ,1        ,0.42  ,0.58  
2021-10-24 11:39:26,205,24.48 ,23.91 ,23.89 ,23.97 ,24.55 ,0.00 ,-0.00 ,0.00 ,11.83 ,12.03 ,10.78 ,11.02 ,1231.78 ,9833.90 ,0.92 ,100.00 ,0  ,0  ,0  ,None ,1  ,111.39 ,3616.00 ,EXEC_TASK ,HOLD_ON_TARGET ,1        ,0.42  ,0.58  
2021-10-24 11:39:26,281,24.48 ,23.91 ,23.89 ,23.97 ,24.55 ,0.00 ,-0.00 ,0.00 ,11.83 ,12.03 ,10.78 ,11.02 ,1231.78 ,9853.08 ,0.92 ,100.00 ,0  ,0  ,0  ,None ,1  ,109.47 ,3924.00 ,EXEC_TASK ,HOLD_ON_TARGET ,1        ,0.42  ,0.58  
2021-10-24 11:39:26,369,24.48 ,23.91 ,23.89 ,23.97 ,24.55 ,0.00 ,-0.00 ,0.00 ,11.83 ,12.03 ,10.78 ,11.02 ,1231.78 ,9873.36 ,0.92 ,100.00 ,0  ,0  ,0  ,None ,1  ,107.40 ,4110.00 ,EXEC_TASK ,HOLD_ON_TARGET ,1        ,0.42  ,0.58  
2021-10-24 11:39:26,445,24.48 ,23.91 ,23.89 ,23.97 ,24.55 ,0.00 ,-0.00 ,0.00 ,11.83 ,12.03 ,10.78 ,11.02 ,1231.78 ,9895.18 ,0.92 ,100.00 ,0  ,0  ,0  ,None ,1  ,105.27 ,4494.00 ,EXEC_TASK ,HOLD_ON_TARGET ,1        ,0.42  ,0.58  
2021-10-24 11:39:27,066,24.48 ,23.91 ,23.90 ,23.97 ,24.55 ,0.00 ,-0.00 ,0.00 ,11.72 ,11.92 ,10.67 ,10.91 ,1220.04 ,9917.10 ,0.92 ,100.00 ,0  ,0  ,0  ,None ,0  ,103.56 ,0.00 ,EXEC_TASK ,HOLD_ON_TARGET ,1        ,0.53  ,0.47  
2021-10-24 11:39:27,579,24.48 ,23.92 ,23.90 ,23.98 ,24.55 ,-0.00 ,-0.00 ,0.00 ,11.61 ,11.81 ,10.56 ,10.80 ,1208.28 ,9934.66 ,1.20 ,100.00 ,0  ,0  ,0  ,None ,0  ,103.51 ,0.00 ,EXEC_TASK ,HOLD_ON_TARGET ,1        ,0.64  ,0.36  
2021-10-24 11:39:28,103,24.48 ,23.93 ,23.91 ,23.99 ,24.55 ,0.00 ,-0.00 ,0.00 ,11.50 ,11.70 ,10.45 ,10.69 ,1196.64 ,9947.90 ,1.27 ,100.00 ,0  ,0  ,0  ,None ,0  ,103.54 ,0.00 ,EXEC_TASK ,HOLD_ON_TARGET ,1        ,0.75  ,0.25  
2021-10-24 11:39:28,662,24.48 ,23.94 ,23.92 ,23.99 ,24.54 ,0.00 ,-0.00 ,0.00 ,11.39 ,11.59 ,10.33 ,10.58 ,1185.04 ,9956.54 ,1.34 ,100.00 ,0  ,0  ,0  ,None ,0  ,103.53 ,0.00 ,EXEC_TASK ,HOLD_ON_TARGET ,1        ,0.86  ,0.14  
2021-10-24 11:39:29,223,24.48 ,23.94 ,23.94 ,24.00 ,24.54 ,0.01 ,-0.00 ,-0.01 ,11.28 ,11.48 ,10.23 ,10.48 ,1174.00 ,9960.50 ,1.40 ,100.00 ,0  ,0  ,0  ,None ,0  ,103.46 ,0.00 ,EXEC_TASK ,HOLD_ON_TARGET ,1        ,0.96  ,0.04  
2021-10-24 11:39:29,731,24.49 ,23.94 ,23.94 ,24.01 ,24.54 ,0.01 ,-0.00 ,-0.01 ,11.23 ,11.44 ,10.19 ,10.44 ,1169.98 ,9960.62 ,1.45 ,100.00 ,0  ,0  ,0  ,None ,0  ,103.46 ,0.00 ,EXEC_TASK ,HOLD_ON_TARGET ,1        ,1.01  ,-0.01 
2021-10-24 11:39:30,263,24.49 ,23.94 ,23.95 ,24.01 ,24.53 ,0.01 ,0.00 ,0.00 ,11.21 ,11.41 ,10.17 ,10.42 ,1167.78 ,9960.74 ,1.48 ,100.00 ,0  ,0  ,0  ,None ,0  ,103.43 ,0.00 ,EXEC_TASK ,HOLD_ON_TARGET ,1        ,1.03  ,-0.03 
2021-10-24 11:39:30,769,24.50 ,23.94 ,23.96 ,24.01 ,24.53 ,0.01 ,0.00 ,0.00 ,11.20 ,11.41 ,10.17 ,10.42 ,1167.42 ,9960.94 ,1.48 ,100.00 ,0  ,0  ,0  ,None ,0  ,103.42 ,0.00 ,EXEC_TASK ,HOLD_ON_TARGET ,1        ,1.03  ,-0.03 
2021-10-24 11:39:31,288,24.50 ,23.94 ,23.96 ,24.02 ,24.53 ,0.01 ,0.01 ,0.01 ,11.21 ,11.42 ,10.19 ,10.44 ,1168.98 ,9961.04 ,1.46 ,100.00 ,0  ,0  ,0  ,None ,0  ,103.48 ,0.00 ,EXEC_TASK ,HOLD_ON_TARGET ,1        ,1.02  ,-0.02 
2021-10-24 11:39:31,445,24.50 ,23.94 ,23.96 ,24.02 ,24.53 ,0.01 ,0.01 ,0.01 ,11.21 ,11.42 ,10.19 ,10.44 ,1168.98 ,9960.98 ,1.43 ,100.00 ,0  ,0  ,0  ,None ,0  ,103.48 ,0.00 ,EXEC_TASK ,HOLD_ON_TARGET ,1        ,1.02  ,-0.02 
2021-10-24 11:39:32,556,24.50 ,23.94 ,23.96 ,24.02 ,24.53 ,0.01 ,0.01 ,0.01 ,11.21 ,11.42 ,10.19 ,10.44 ,1168.98 ,9969.64 ,1.43 ,100.00 ,0  ,0  ,0  ,None ,1  ,99.66 ,2434.00 ,EXEC_TASK ,HOLD_ON_TARGET ,1        ,1.02  ,-0.02 
2021-10-24 11:39:32,634,24.50 ,23.94 ,23.96 ,24.02 ,24.54 ,0.01 ,0.01 ,0.01 ,11.21 ,11.42 ,10.19 ,10.44 ,1168.98 ,9981.88 ,1.43 ,100.00 ,0  ,0  ,0  ,None ,1  ,98.06 ,2737.00 ,EXEC_TASK ,HOLD_ON_TARGET ,1        ,1.02  ,-0.02 
2021-10-24 11:39:32,710,24.50 ,23.94 ,23.96 ,24.02 ,24.54 ,0.01 ,0.01 ,0.01 ,11.21 ,11.42 ,10.19 ,10.44 ,1168.98 ,9998.36 ,1.43 ,100.00 ,0  ,0  ,0  ,None ,1  ,96.20 ,3111.00 ,EXEC_TASK ,HOLD_ON_TARGET ,1        ,1.02  ,-0.02 
2021-10-24 11:39:32,796,24.50 ,23.94 ,23.96 ,24.02 ,24.54 ,0.01 ,0.01 ,0.01 ,11.21 ,11.42 ,10.19 ,10.44 ,1168.98 ,10017.92 ,1.43 ,100.00 ,0  ,0  ,0  ,None ,1  ,94.89 ,3344.00 ,EXEC_TASK ,HOLD_ON_TARGET ,1        ,1.02  ,-0.02 
2021-10-24 11:39:32,874,24.50 ,23.94 ,23.96 ,24.02 ,24.54 ,0.01 ,0.01 ,0.01 ,11.21 ,11.42 ,10.19 ,10.44 ,1168.98 ,10041.54 ,1.43 ,100.00 ,0  ,0  ,0  ,None ,1  ,93.16 ,3631.00 ,EXEC_TASK ,HOLD_ON_TARGET ,1        ,1.02  ,-0.02 
2021-10-24 11:39:32,961,24.50 ,23.94 ,23.96 ,24.02 ,24.54 ,0.01 ,0.01 ,0.01 ,11.21 ,11.42 ,10.19 ,10.44 ,1168.98 ,10060.98 ,1.43 ,100.00 ,0  ,0  ,0  ,None ,1  ,91.22 ,3816.00 ,EXEC_TASK ,HOLD_ON_TARGET ,1        ,1.02  ,-0.02 
2021-10-24 11:39:33,037,24.50 ,23.94 ,23.96 ,24.02 ,24.54 ,0.01 ,0.01 ,0.01 ,11.21 ,11.42 ,10.19 ,10.44 ,1168.98 ,10081.60 ,1.43 ,100.00 ,0  ,0  ,0  ,None ,1  ,89.15 ,4139.00 ,EXEC_TASK ,HOLD_ON_TARGET ,1        ,1.02  ,-0.02 
2021-10-24 11:39:33,112,24.50 ,23.94 ,23.96 ,24.02 ,24.55 ,0.01 ,0.01 ,0.01 ,11.21 ,11.42 ,10.19 ,10.44 ,1168.98 ,10102.70 ,1.43 ,100.00 ,0  ,0  ,0  ,None ,1  ,87.12 ,4380.00 ,EXEC_TASK ,HOLD_ON_TARGET ,1        ,1.02  ,-0.02 
2021-10-24 11:39:33,200,24.50 ,23.94 ,23.96 ,24.02 ,24.55 ,0.01 ,0.01 ,0.01 ,11.21 ,11.42 ,10.19 ,10.44 ,1168.98 ,10125.86 ,1.43 ,100.00 ,0  ,0  ,0  ,None ,1  ,84.96 ,4664.00 ,EXEC_TASK ,HOLD_ON_TARGET ,1        ,1.02  ,-0.02 
2021-10-24 11:39:33,276,24.50 ,23.94 ,23.96 ,24.02 ,24.55 ,0.01 ,0.01 ,0.01 ,11.21 ,11.42 ,10.19 ,10.44 ,1168.98 ,10150.96 ,1.43 ,100.00 ,0  ,0  ,0  ,None ,1  ,82.44 ,4945.00 ,EXEC_TASK ,HOLD_ON_TARGET ,1        ,1.02  ,-0.02 
2021-10-24 11:39:33,351,24.50 ,23.94 ,23.96 ,24.02 ,24.55 ,0.01 ,0.01 ,0.01 ,11.21 ,11.42 ,10.19 ,10.44 ,1168.98 ,10177.10 ,1.43 ,100.00 ,0  ,0  ,0  ,None ,1  ,80.09 ,5458.00 ,EXEC_TASK ,HOLD_ON_TARGET ,1        ,1.02  ,-0.02 
2021-10-24 11:39:33,430,24.50 ,23.94 ,23.96 ,24.02 ,24.55 ,0.01 ,0.01 ,0.01 ,11.21 ,11.42 ,10.19 ,10.44 ,1168.98 ,10204.62 ,1.43 ,100.00 ,0  ,0  ,0  ,None ,1  ,77.54 ,5500.00 ,EXEC_TASK ,HOLD_ON_TARGET ,1        ,1.02  ,-0.02 
2021-10-24 11:39:33,524,24.50 ,23.94 ,23.96 ,24.02 ,24.56 ,0.01 ,0.01 ,0.01 ,11.21 ,11.42 ,10.19 ,10.44 ,1168.98 ,10233.06 ,1.43 ,100.00 ,0  ,0  ,0  ,None ,1  ,75.16 ,5540.00 ,EXEC_TASK ,HOLD_ON_TARGET ,1        ,1.02  ,-0.02 
2021-10-24 11:39:33,594,24.50 ,23.94 ,23.96 ,24.02 ,24.56 ,0.01 ,0.01 ,0.01 ,11.21 ,11.42 ,10.19 ,10.44 ,1168.98 ,10263.56 ,1.43 ,100.00 ,0  ,0  ,0  ,None ,1  ,72.24 ,5871.00 ,EXEC_TASK ,HOLD_ON_TARGET ,1        ,1.02  ,-0.02 
2021-10-24 11:39:33,670,24.50 ,23.94 ,23.96 ,24.02 ,24.57 ,0.01 ,0.01 ,0.01 ,11.21 ,11.42 ,10.19 ,10.44 ,1168.98 ,10293.72 ,1.43 ,100.00 ,0  ,0  ,0  ,None ,1  ,69.96 ,5827.00 ,EXEC_TASK ,HOLD_ON_TARGET ,1        ,1.02  ,-0.02 
2021-10-24 11:39:34,289,24.50 ,23.95 ,23.96 ,24.02 ,24.57 ,0.01 ,0.01 ,0.01 ,11.24 ,11.45 ,10.22 ,10.48 ,1169.42 ,10321.86 ,1.43 ,100.00 ,0  ,0  ,0  ,None ,0  ,68.55 ,0.00 ,EXEC_TASK ,HOLD_ON_TARGET ,1        ,0.98  ,0.02  
2021-10-24 11:39:34,837,24.50 ,23.95 ,23.97 ,24.01 ,24.58 ,0.00 ,0.01 ,0.01 ,11.28 ,11.49 ,10.26 ,10.51 ,1170.10 ,10342.56 ,1.33 ,100.00 ,0  ,0  ,0  ,None ,0  ,69.13 ,0.00 ,EXEC_TASK ,HOLD_ON_TARGET ,1        ,0.95  ,0.05  
2021-10-24 11:39:35,399,24.50 ,23.95 ,23.96 ,24.01 ,24.60 ,0.00 ,0.00 ,0.02 ,11.30 ,11.52 ,10.28 ,10.53 ,1170.22 ,10356.58 ,1.33 ,100.00 ,0  ,0  ,0  ,None ,0  ,69.59 ,0.00 ,EXEC_TASK ,HOLD_ON_TARGET ,1        ,0.92  ,0.08  
2021-10-24 11:39:35,965,24.50 ,23.95 ,23.96 ,24.01 ,24.62 ,0.00 ,0.00 ,0.03 ,11.33 ,11.54 ,10.30 ,10.55 ,1169.86 ,10362.48 ,1.33 ,100.00 ,0  ,0  ,0  ,None ,0  ,70.10 ,0.00 ,EXEC_TASK ,HOLD_ON_TARGET ,1        ,0.90  ,0.10  
2021-10-24 11:39:36,525,24.50 ,23.95 ,23.96 ,24.01 ,24.64 ,-0.01 ,0.01 ,0.01 ,11.34 ,11.55 ,10.31 ,10.56 ,1168.76 ,10361.86 ,1.33 ,100.00 ,0  ,0  ,0  ,None ,0  ,70.53 ,0.00 ,EXEC_TASK ,HOLD_ON_TARGET ,1        ,0.89  ,0.11  
2021-10-24 11:39:37,034,24.50 ,23.95 ,23.96 ,24.01 ,24.67 ,-0.01 ,0.01 ,0.01 ,11.34 ,11.54 ,10.31 ,10.56 ,1169.40 ,10356.80 ,1.33 ,100.00 ,0  ,0  ,0  ,None ,0  ,70.94 ,0.00 ,EXEC_TASK ,HOLD_ON_TARGET ,1        ,0.89  ,0.11  
2021-10-24 11:39:37,554,24.51 ,23.95 ,23.96 ,24.02 ,24.69 ,-0.00 ,0.00 ,0.01 ,11.33 ,11.54 ,10.31 ,10.55 ,1169.60 ,10352.20 ,1.33 ,100.00 ,0  ,0  ,0  ,None ,0  ,71.31 ,0.00 ,EXEC_TASK ,HOLD_ON_TARGET ,1        ,0.90  ,0.10  
2021-10-24 11:39:38,068,24.51 ,23.95 ,23.97 ,24.02 ,24.71 ,-0.00 ,0.00 ,0.01 ,11.33 ,11.54 ,10.30 ,10.55 ,1169.64 ,10347.88 ,1.33 ,100.00 ,0  ,0  ,0  ,None ,0  ,71.66 ,0.00 ,EXEC_TASK ,HOLD_ON_TARGET ,1        ,0.90  ,0.10  
2021-10-24 11:39:38,263,24.51 ,23.95 ,23.97 ,24.02 ,24.72 ,0.00 ,0.01 ,0.01 ,11.33 ,11.54 ,10.30 ,10.55 ,1169.64 ,10344.32 ,1.34 ,100.00 ,0  ,0  ,0  ,None ,0  ,71.78 ,0.00 ,EXEC_TASK ,HOLD_ON_TARGET ,1        ,0.90  ,0.10  
2021-10-24 11:39:39,342,24.51 ,23.95 ,23.97 ,24.02 ,24.74 ,0.00 ,0.01 ,0.01 ,11.33 ,11.54 ,10.30 ,10.55 ,1169.64 ,10351.22 ,1.34 ,100.00 ,0  ,0  ,0  ,None ,1  ,67.92 ,2391.00 ,EXEC_TASK ,HOLD_ON_TARGET ,1        ,0.90  ,0.10  
2021-10-24 11:39:39,418,24.51 ,23.95 ,23.97 ,24.02 ,24.75 ,0.00 ,0.01 ,0.01 ,11.33 ,11.54 ,10.30 ,10.55 ,1169.64 ,10362.64 ,1.34 ,100.00 ,0  ,0  ,0  ,None ,1  ,66.49 ,2696.00 ,EXEC_TASK ,HOLD_ON_TARGET ,1        ,0.90  ,0.10  
2021-10-24 11:39:39,504,24.51 ,23.95 ,23.97 ,24.02 ,24.76 ,0.00 ,0.01 ,0.01 ,11.33 ,11.54 ,10.30 ,10.55 ,1169.64 ,10378.14 ,1.34 ,100.00 ,0  ,0  ,0  ,None ,1  ,65.15 ,3045.00 ,EXEC_TASK ,HOLD_ON_TARGET ,1        ,0.90  ,0.10  
2021-10-24 11:39:39,591,24.51 ,23.95 ,23.97 ,24.02 ,24.77 ,0.00 ,0.01 ,0.01 ,11.33 ,11.54 ,10.30 ,10.55 ,1169.64 ,10398.36 ,1.34 ,100.00 ,0  ,0  ,0  ,None ,1  ,63.54 ,3281.00 ,EXEC_TASK ,HOLD_ON_TARGET ,1        ,0.90  ,0.10  
2021-10-24 11:39:39,668,24.51 ,23.95 ,23.97 ,24.02 ,24.78 ,0.00 ,0.01 ,0.01 ,11.33 ,11.54 ,10.30 ,10.55 ,1169.64 ,10422.92 ,1.34 ,100.00 ,0  ,0  ,0  ,None ,1  ,61.88 ,3731.00 ,EXEC_TASK ,HOLD_ON_TARGET ,1        ,0.90  ,0.10  
2021-10-24 11:39:39,756,24.51 ,23.95 ,23.97 ,24.02 ,24.78 ,0.00 ,0.01 ,0.01 ,11.33 ,11.54 ,10.30 ,10.55 ,1169.64 ,10442.70 ,1.34 ,100.00 ,0  ,0  ,0  ,None ,1  ,59.99 ,3718.00 ,EXEC_TASK ,HOLD_ON_TARGET ,1        ,0.90  ,0.10  
2021-10-24 11:39:39,832,24.51 ,23.95 ,23.97 ,24.02 ,24.78 ,0.00 ,0.01 ,0.01 ,11.33 ,11.54 ,10.30 ,10.55 ,1169.64 ,10463.76 ,1.34 ,100.00 ,0  ,0  ,0  ,None ,1  ,58.03 ,4088.00 ,EXEC_TASK ,HOLD_ON_TARGET ,1        ,0.90  ,0.10  
2021-10-24 11:39:39,908,24.51 ,23.95 ,23.97 ,24.02 ,24.79 ,0.00 ,0.01 ,0.01 ,11.33 ,11.54 ,10.30 ,10.55 ,1169.64 ,10486.44 ,1.34 ,100.00 ,0  ,0  ,0  ,None ,1  ,56.07 ,4508.00 ,EXEC_TASK ,HOLD_ON_TARGET ,1        ,0.90  ,0.10  
2021-10-24 11:39:39,985,24.51 ,23.95 ,23.97 ,24.02 ,24.79 ,0.00 ,0.01 ,0.01 ,11.33 ,11.54 ,10.30 ,10.55 ,1169.64 ,10510.74 ,1.34 ,100.00 ,0  ,0  ,0  ,None ,1  ,53.88 ,4741.00 ,EXEC_TASK ,HOLD_ON_TARGET ,1        ,0.90  ,0.10  
2021-10-24 11:39:40,062,24.51 ,23.95 ,23.97 ,24.02 ,24.80 ,0.00 ,0.01 ,0.01 ,11.33 ,11.54 ,10.30 ,10.55 ,1169.64 ,10536.58 ,1.34 ,100.00 ,0  ,0  ,0  ,None ,1  ,51.68 ,5130.00 ,EXEC_TASK ,HOLD_ON_TARGET ,1        ,0.90  ,0.10  
2021-10-24 11:39:40,149,24.51 ,23.95 ,23.97 ,24.02 ,24.80 ,0.00 ,0.01 ,0.01 ,11.33 ,11.54 ,10.30 ,10.55 ,1169.64 ,10563.44 ,1.34 ,100.00 ,0  ,0  ,0  ,None ,1  ,49.42 ,5189.00 ,EXEC_TASK ,HOLD_ON_TARGET ,1        ,0.90  ,0.10  
2021-10-24 11:39:40,773,24.52 ,23.95 ,23.96 ,24.02 ,24.81 ,0.00 ,0.01 ,0.01 ,11.32 ,11.53 ,10.29 ,10.54 ,1161.34 ,10586.90 ,1.34 ,100.00 ,0  ,0  ,1  ,None ,0  ,48.95 ,0.00 ,EXEC_TASK ,HOLD_ON_TARGET ,1        ,0.91  ,0.09  
2021-10-24 11:39:41,302,24.52 ,23.95 ,23.96 ,24.02 ,24.83 ,0.00 ,0.01 ,0.00 ,11.31 ,11.52 ,10.28 ,10.53 ,1153.60 ,10603.90 ,1.37 ,100.00 ,0  ,0  ,1  ,None ,0  ,49.62 ,0.00 ,EXEC_TASK ,HOLD_ON_TARGET ,1        ,0.92  ,0.08  
2021-10-24 11:39:41,856,24.52 ,23.95 ,23.97 ,24.02 ,24.85 ,0.01 ,0.00 ,0.00 ,11.29 ,11.50 ,10.26 ,10.51 ,1146.36 ,10613.86 ,1.38 ,100.00 ,0  ,0  ,1  ,None ,0  ,50.25 ,0.00 ,EXEC_TASK ,HOLD_ON_TARGET ,1        ,0.94  ,0.06  
2021-10-24 11:39:42,427,24.52 ,23.95 ,23.97 ,24.01 ,24.88 ,0.02 ,0.00 ,0.00 ,11.28 ,11.49 ,10.25 ,10.50 ,1139.34 ,10616.90 ,1.39 ,100.00 ,0  ,0  ,0  ,None ,0  ,50.87 ,0.00 ,EXEC_TASK ,HOLD_ON_TARGET ,1        ,0.95  ,0.05  
2021-10-24 11:39:42,926,24.52 ,23.95 ,23.97 ,24.01 ,24.91 ,0.02 ,0.00 ,0.00 ,11.27 ,11.48 ,10.24 ,10.49 ,1132.70 ,10612.86 ,1.39 ,100.00 ,0  ,0  ,0  ,None ,0  ,51.43 ,0.00 ,EXEC_TASK ,HOLD_ON_TARGET ,1        ,0.96  ,0.04  
2021-10-24 11:39:43,459,24.52 ,23.96 ,23.98 ,24.01 ,24.93 ,0.01 ,0.00 ,0.00 ,11.27 ,11.48 ,10.24 ,10.49 ,1134.40 ,10606.00 ,1.39 ,100.00 ,0  ,0  ,0  ,None ,0  ,51.99 ,0.00 ,EXEC_TASK ,HOLD_ON_TARGET ,1        ,0.96  ,0.04  
2021-10-24 11:39:43,953,24.52 ,23.96 ,23.98 ,24.01 ,24.96 ,0.01 ,0.00 ,0.00 ,11.27 ,11.48 ,10.24 ,10.49 ,1135.90 ,10599.62 ,1.39 ,100.00 ,0  ,0  ,0  ,None ,0  ,52.45 ,0.00 ,EXEC_TASK ,HOLD_ON_TARGET ,1        ,0.96  ,0.04  
2021-10-24 11:39:44,486,24.52 ,23.97 ,23.98 ,24.01 ,24.98 ,0.01 ,-0.00 ,0.00 ,11.27 ,11.48 ,10.25 ,10.50 ,1137.22 ,10593.64 ,1.39 ,100.00 ,0  ,0  ,0  ,None ,0  ,52.91 ,0.00 ,EXEC_TASK ,HOLD_ON_TARGET ,1        ,0.96  ,0.04  
2021-10-24 11:39:44,645,24.52 ,23.97 ,23.98 ,24.01 ,24.99 ,0.01 ,-0.00 ,0.00 ,11.27 ,11.48 ,10.25 ,10.50 ,1137.22 ,10588.54 ,1.38 ,100.00 ,0  ,0  ,0  ,None ,0  ,53.09 ,0.00 ,EXEC_TASK ,HOLD_ON_TARGET ,1        ,0.96  ,0.04  
2021-10-24 11:39:45,746,24.52 ,23.97 ,23.98 ,24.01 ,25.01 ,0.01 ,-0.00 ,0.00 ,11.27 ,11.48 ,10.25 ,10.50 ,1137.22 ,10592.92 ,1.38 ,100.00 ,0  ,0  ,0  ,None ,1  ,49.97 ,2434.00 ,EXEC_TASK ,HOLD_ON_TARGET ,1        ,0.96  ,0.04  
2021-10-24 11:39:46,368,24.52 ,23.96 ,23.99 ,24.02 ,25.03 ,0.01 ,-0.00 ,0.00 ,11.28 ,11.49 ,10.26 ,10.50 ,1136.66 ,10598.64 ,1.38 ,100.00 ,0  ,0  ,1  ,None ,0  ,50.03 ,0.00 ,EXEC_TASK ,HOLD_ON_TARGET ,1        ,0.95  ,0.05  
2021-10-24 11:39:46,915,24.53 ,23.96 ,23.99 ,24.01 ,25.05 ,0.01 ,-0.00 ,0.00 ,11.29 ,11.50 ,10.26 ,10.51 ,1136.44 ,10604.40 ,1.36 ,100.00 ,0  ,0  ,0  ,None ,0  ,50.48 ,0.00 ,EXEC_TASK ,HOLD_ON_TARGET ,1        ,0.94  ,0.06  
2021-10-24 11:39:47,471,24.52 ,23.96 ,23.99 ,24.02 ,25.07 ,0.00 ,-0.00 ,-0.00 ,11.30 ,11.51 ,10.28 ,10.52 ,1136.52 ,10610.12 ,1.36 ,100.00 ,0  ,0  ,0  ,None ,0  ,50.92 ,0.00 ,EXEC_TASK ,HOLD_ON_TARGET ,1        ,0.93  ,0.07  
2021-10-24 11:39:48,033,24.52 ,23.96 ,23.99 ,24.02 ,25.09 ,0.00 ,-0.01 ,-0.00 ,11.31 ,11.52 ,10.29 ,10.54 ,1136.50 ,10615.22 ,1.35 ,100.00 ,0  ,0  ,0  ,None ,0  ,51.37 ,0.00 ,EXEC_TASK ,HOLD_ON_TARGET ,1        ,0.92  ,0.08  
2021-10-24 11:39:48,598,24.52 ,23.95 ,23.99 ,24.02 ,25.11 ,0.00 ,-0.01 ,-0.00 ,11.32 ,11.54 ,10.30 ,10.55 ,1136.66 ,10611.18 ,1.34 ,100.00 ,0  ,0  ,0  ,None ,0  ,51.79 ,0.00 ,EXEC_TASK ,HOLD_ON_TARGET ,1        ,0.90  ,0.10  
2021-10-24 11:39:49,100,24.52 ,23.95 ,23.99 ,24.02 ,25.12 ,0.00 ,-0.01 ,-0.00 ,11.33 ,11.54 ,10.31 ,10.56 ,1138.86 ,10606.26 ,1.33 ,100.00 ,0  ,0  ,0  ,None ,0  ,52.15 ,0.00 ,EXEC_TASK ,HOLD_ON_TARGET ,1        ,0.90  ,0.10  
2021-10-24 11:39:49,635,24.52 ,23.95 ,23.99 ,24.02 ,25.14 ,0.00 ,0.00 ,-0.00 ,11.34 ,11.55 ,10.31 ,10.57 ,1140.68 ,10601.62 ,1.32 ,100.00 ,0  ,0  ,0  ,None ,0  ,52.46 ,0.00 ,EXEC_TASK ,HOLD_ON_TARGET ,1        ,0.89  ,0.11  
2021-10-24 11:39:50,132,24.52 ,23.96 ,23.99 ,24.02 ,25.15 ,0.00 ,0.00 ,-0.00 ,11.35 ,11.56 ,10.33 ,10.58 ,1142.28 ,10597.36 ,1.31 ,100.00 ,0  ,0  ,0  ,None ,0  ,52.76 ,0.00 ,EXEC_TASK ,HOLD_ON_TARGET ,1        ,0.88  ,0.12  
2021-10-24 11:39:50,328,24.52 ,23.96 ,23.99 ,24.02 ,25.16 ,0.00 ,0.00 ,-0.00 ,11.35 ,11.56 ,10.33 ,10.58 ,1142.28 ,10593.84 ,1.30 ,100.00 ,0  ,0  ,0  ,None ,0  ,52.89 ,0.00 ,EXEC_TASK ,HOLD_ON_TARGET ,1        ,0.88  ,0.12  
