2022-11-15,17:50:22.018,BT1             ,BT2             ,TT1             ,TT2             ,AT              ,X               ,Y               ,Z               ,BP1             ,BP2             ,TP1             ,TP2             ,HP              ,AP              ,PD ,PC ,HL      ,EL ,BF      ,SF   ,PF      ,BV     ,rpm             ,Setpoint ,Error ,Depth ,avg_p ,direction ,Voltage         ,State   ,Safety   ,Payload ,TestMode 
2022-11-15,17:50:22.023,Buffering (2/5) ,Buffering (2/5) ,Buffering (2/5) ,Buffering (2/5) ,Buffering (2/5) ,Buffering (1/5) ,Buffering (1/5) ,Buffering (1/5) ,Buffering (2/5) ,Buffering (2/5) ,Buffering (2/5) ,Buffering (2/5) ,Buffering (2/5) ,Buffering (2/5) ,0  ,0  ,initial ,0  ,initial ,None ,initial ,483.58 ,Buffering (0/1) ,None     ,None  ,None  ,None  ,initial   ,Buffering (0/1) ,initial ,sleeping ,None    ,on       
2022-11-15,17:50:22.541,Buffering (3/5) ,Buffering (3/5) ,Buffering (3/5) ,Buffering (3/5) ,Buffering (3/5) ,Buffering (2/5) ,Buffering (2/5) ,Buffering (2/5) ,Buffering (3/5) ,Buffering (3/5) ,Buffering (3/5) ,Buffering (3/5) ,Buffering (3/5) ,Buffering (3/5) ,0.82 ,100.00 ,initial ,0  ,nonempty ,None ,initial ,483.58 ,Buffering (0/1) ,None     ,None  ,None  ,None  ,initial   ,Buffering (0/1) ,initial ,sleeping ,None    ,on       
2022-11-15,17:50:23.057,Buffering (4/5) ,Buffering (4/5) ,Buffering (4/5) ,Buffering (4/5) ,Buffering (4/5) ,Buffering (3/5) ,Buffering (3/5) ,Buffering (3/5) ,Buffering (4/5) ,Buffering (4/5) ,Buffering (4/5) ,Buffering (4/5) ,Buffering (4/5) ,Buffering (4/5) ,0.82 ,100.00 ,initial ,0  ,nonempty ,None ,initial ,483.58 ,Buffering (0/1) ,None     ,None  ,None  ,None  ,initial   ,Buffering (0/1) ,initial ,sleeping ,None    ,on       
2022-11-15,17:50:23.592,19.62 ,-74.10 ,19.54 ,19.77 ,20.61 ,Buffering (4/5) ,Buffering (4/5) ,Buffering (4/5) ,10.49 ,10.13 ,10.07 ,10.21 ,1450.40 ,1053.78 ,0.82 ,100.00 ,initial ,0  ,nonempty ,None ,initial ,483.17 ,Buffering (0/1) ,None     ,None  ,None  ,10.23 ,initial   ,Buffering (0/1) ,initial ,sleeping ,None    ,on       
2022-11-15,17:50:24.132,19.70 ,19.44 ,19.20 ,19.49 ,20.62 ,0.00 ,0.00 ,0.00 ,10.50 ,10.13 ,10.07 ,10.21 ,1450.38 ,1051.84 ,0.82 ,100.00 ,initial ,0  ,nonempty ,None ,initial ,483.72 ,Buffering (0/1) ,None     ,None  ,None  ,10.23 ,initial   ,Buffering (0/1) ,initial ,sleeping ,None    ,on       
2022-11-15,17:50:24.678,19.69 ,19.44 ,19.19 ,19.48 ,20.62 ,0.00 ,0.00 ,0.00 ,10.50 ,10.13 ,10.07 ,10.21 ,1450.24 ,1051.82 ,0.82 ,100.00 ,initial ,0  ,nonempty ,None ,initial ,483.72 ,Buffering (0/1) ,None     ,None  ,None  ,10.23 ,initial   ,Buffering (0/1) ,initial ,sleeping ,None    ,on       
2022-11-15,17:50:25.219,19.69 ,19.44 ,19.19 ,19.48 ,20.62 ,0.00 ,0.00 ,0.00 ,10.50 ,10.13 ,10.07 ,10.21 ,1450.26 ,1051.80 ,0.82 ,100.00 ,initial ,0  ,nonempty ,None ,initial ,483.72 ,Buffering (0/1) ,None     ,None  ,None  ,10.23 ,initial   ,Buffering (0/1) ,initial ,sleeping ,None    ,on       
2022-11-15,17:50:25.763,19.70 ,19.44 ,19.19 ,19.48 ,20.62 ,0.00 ,0.00 ,0.01 ,10.51 ,10.14 ,10.07 ,10.21 ,1450.28 ,1051.74 ,0.82 ,100.00 ,initial ,0  ,nonempty ,None ,initial ,483.99 ,Buffering (0/1) ,None     ,None  ,None  ,10.23 ,initial   ,Buffering (0/1) ,initial ,sleeping ,None    ,on       
2022-11-15,17:50:26.309,19.70 ,19.44 ,19.19 ,19.48 ,20.62 ,0.00 ,0.00 ,0.01 ,10.51 ,10.14 ,10.07 ,10.21 ,1450.24 ,1051.64 ,0.82 ,100.00 ,initial ,0  ,nonempty ,None ,initial ,483.85 ,Buffering (0/1) ,None     ,None  ,None  ,10.23 ,initial   ,Buffering (0/1) ,initial ,sleeping ,None    ,on       
2022-11-15,17:50:26.848,19.70 ,19.44 ,19.18 ,19.47 ,20.62 ,0.00 ,0.00 ,0.00 ,10.53 ,10.14 ,10.07 ,10.21 ,1450.14 ,1051.68 ,0.82 ,100.00 ,initial ,0  ,nonempty ,None ,initial ,483.44 ,Buffering (0/1) ,None     ,None  ,None  ,10.24 ,initial   ,Buffering (0/1) ,initial ,sleeping ,None    ,on       
2022-11-15,17:50:27.389,19.71 ,19.43 ,19.18 ,19.47 ,20.62 ,0.00 ,0.00 ,0.00 ,10.53 ,10.14 ,10.07 ,10.21 ,1450.14 ,1051.74 ,0.82 ,100.00 ,initial ,0  ,nonempty ,None ,initial ,483.31 ,Buffering (0/1) ,None     ,None  ,None  ,10.24 ,initial   ,Buffering (0/1) ,initial ,sleeping ,None    ,on       
2022-11-15,17:50:27.930,19.71 ,19.43 ,19.18 ,19.47 ,20.62 ,0.00 ,0.00 ,0.00 ,10.55 ,10.14 ,10.07 ,10.21 ,1449.98 ,1051.74 ,0.82 ,100.00 ,initial ,0  ,nonempty ,None ,initial ,483.72 ,Buffering (0/1) ,None     ,None  ,None  ,10.24 ,initial   ,Buffering (0/1) ,initial ,sleeping ,None    ,on       
2022-11-15,17:50:28.473,19.71 ,19.43 ,19.18 ,19.47 ,20.62 ,0.00 ,0.00 ,0.00 ,10.55 ,10.14 ,10.07 ,10.21 ,1450.04 ,1051.84 ,0.82 ,100.00 ,initial ,0  ,nonempty ,None ,initial ,483.31 ,Buffering (0/1) ,None     ,None  ,None  ,10.24 ,initial   ,Buffering (0/1) ,initial ,sleeping ,None    ,on       
2022-11-15,17:50:29.016,19.71 ,19.43 ,19.18 ,19.47 ,20.62 ,0.00 ,0.00 ,0.00 ,10.56 ,10.13 ,10.07 ,10.21 ,1450.00 ,1051.90 ,0.82 ,100.00 ,initial ,0  ,nonempty ,None ,initial ,483.44 ,Buffering (0/1) ,None     ,None  ,None  ,10.24 ,initial   ,Buffering (0/1) ,initial ,sleeping ,None    ,on       
2022-11-15,17:50:29.557,19.72 ,19.43 ,19.17 ,19.47 ,20.62 ,0.00 ,0.00 ,0.00 ,10.57 ,10.13 ,10.07 ,10.21 ,1450.08 ,1051.86 ,0.82 ,100.00 ,initial ,0  ,nonempty ,None ,initial ,483.72 ,Buffering (0/1) ,None     ,None  ,None  ,10.25 ,initial   ,Buffering (0/1) ,initial ,sleeping ,None    ,on       
2022-11-15,17:50:30.099,19.72 ,19.43 ,19.17 ,19.47 ,20.62 ,0.00 ,0.00 ,0.00 ,10.56 ,10.13 ,10.07 ,10.21 ,1450.16 ,1051.86 ,0.82 ,100.00 ,initial ,0  ,nonempty ,None ,initial ,483.31 ,Buffering (0/1) ,None     ,None  ,None  ,10.24 ,initial   ,Buffering (0/1) ,initial ,sleeping ,None    ,on       
2022-11-15,17:50:30.640,19.72 ,19.43 ,19.17 ,19.47 ,20.62 ,0.00 ,0.00 ,-0.01 ,10.56 ,10.13 ,10.07 ,10.21 ,1450.22 ,1051.98 ,0.82 ,100.00 ,initial ,0  ,nonempty ,None ,initial ,482.90 ,Buffering (0/1) ,None     ,None  ,None  ,10.24 ,initial   ,Buffering (0/1) ,initial ,sleeping ,None    ,on       
2022-11-15,17:50:31.178,19.73 ,19.42 ,19.17 ,19.47 ,20.62 ,0.00 ,0.00 ,-0.01 ,10.54 ,10.13 ,10.07 ,10.21 ,1450.12 ,1051.96 ,0.82 ,100.00 ,initial ,0  ,nonempty ,None ,initial ,483.44 ,Buffering (0/1) ,None     ,None  ,None  ,10.24 ,initial   ,Buffering (0/1) ,initial ,sleeping ,None    ,on       
2022-11-15,17:50:31.719,19.73 ,19.42 ,19.17 ,19.47 ,20.62 ,0.00 ,0.00 ,-0.00 ,10.54 ,10.13 ,10.07 ,10.21 ,1450.24 ,1051.98 ,0.82 ,100.00 ,initial ,0  ,nonempty ,None ,initial ,483.31 ,Buffering (0/1) ,None     ,None  ,None  ,10.24 ,initial   ,Buffering (0/1) ,initial ,sleeping ,None    ,on       
2022-11-15,17:50:32.265,19.73 ,19.42 ,19.18 ,19.47 ,20.62 ,0.00 ,0.00 ,-0.00 ,10.52 ,10.14 ,10.07 ,10.21 ,1450.18 ,1052.00 ,0.82 ,100.00 ,initial ,0  ,nonempty ,None ,initial ,483.58 ,Buffering (0/1) ,None     ,None  ,None  ,10.23 ,initial   ,Buffering (0/1) ,initial ,sleeping ,None    ,on       
2022-11-15,17:50:32.804,19.73 ,19.41 ,19.18 ,19.47 ,20.62 ,0.00 ,0.00 ,-0.00 ,10.54 ,10.14 ,10.07 ,10.21 ,1450.20 ,1052.00 ,0.82 ,100.00 ,initial ,0  ,nonempty ,None ,initial ,483.31 ,Buffering (0/1) ,None     ,None  ,None  ,10.24 ,initial   ,Buffering (0/1) ,initial ,sleeping ,None    ,on       
2022-11-15,17:50:33.349,19.73 ,19.41 ,19.17 ,19.46 ,20.62 ,0.00 ,0.00 ,-0.00 ,10.53 ,10.14 ,10.07 ,10.21 ,1450.22 ,1051.92 ,0.82 ,100.00 ,initial ,0  ,nonempty ,None ,initial ,483.44 ,Buffering (0/1) ,None     ,None  ,None  ,10.24 ,initial   ,Buffering (0/1) ,initial ,sleeping ,None    ,on       
2022-11-15,17:50:33.893,19.73 ,19.41 ,19.17 ,19.46 ,20.62 ,0.00 ,0.00 ,-0.00 ,10.54 ,10.14 ,10.06 ,10.21 ,1450.22 ,1052.04 ,0.82 ,100.00 ,initial ,0  ,nonempty ,None ,initial ,482.63 ,Buffering (0/1) ,None     ,None  ,None  ,10.24 ,initial   ,Buffering (0/1) ,initial ,sleeping ,None    ,on       
2022-11-15,17:50:34.433,19.73 ,19.41 ,19.17 ,19.46 ,20.62 ,0.00 ,0.00 ,-0.00 ,10.53 ,10.13 ,10.07 ,10.21 ,1450.18 ,1052.04 ,0.82 ,100.00 ,initial ,0  ,nonempty ,None ,initial ,483.31 ,Buffering (0/1) ,None     ,None  ,None  ,10.23 ,initial   ,Buffering (0/1) ,initial ,sleeping ,None    ,on       
2022-11-15,17:50:34.981,19.73 ,19.41 ,19.17 ,19.46 ,20.62 ,0.00 ,0.00 ,-0.00 ,10.53 ,10.13 ,10.06 ,10.21 ,1450.24 ,1052.10 ,0.82 ,100.00 ,initial ,0  ,nonempty ,None ,initial ,483.17 ,Buffering (0/1) ,None     ,None  ,None  ,10.23 ,initial   ,Buffering (0/1) ,initial ,sleeping ,None    ,on       
2022-11-15,17:50:35.527,19.74 ,19.40 ,19.17 ,19.45 ,20.62 ,0.00 ,0.00 ,-0.00 ,10.51 ,10.14 ,10.07 ,10.21 ,1450.20 ,1052.12 ,0.82 ,100.00 ,initial ,0  ,nonempty ,None ,initial ,483.17 ,Buffering (0/1) ,None     ,None  ,None  ,10.23 ,initial   ,Buffering (0/1) ,initial ,sleeping ,None    ,on       
2022-11-15,17:50:36.068,19.74 ,19.40 ,19.16 ,19.45 ,20.62 ,0.00 ,0.00 ,0.00 ,10.50 ,10.14 ,10.07 ,10.21 ,1450.20 ,1052.18 ,0.82 ,100.00 ,initial ,0  ,nonempty ,None ,initial ,483.04 ,Buffering (0/1) ,None     ,None  ,None  ,10.23 ,initial   ,Buffering (0/1) ,initial ,sleeping ,None    ,on       
2022-11-15,17:50:36.609,19.75 ,19.40 ,19.16 ,19.45 ,20.62 ,0.00 ,0.00 ,0.00 ,10.49 ,10.14 ,10.07 ,10.21 ,1450.16 ,1052.10 ,0.82 ,100.00 ,initial ,0  ,nonempty ,None ,initial ,483.17 ,Buffering (0/1) ,None     ,None  ,None  ,10.23 ,initial   ,Buffering (0/1) ,initial ,sleeping ,None    ,on       
2022-11-15,17:50:37.154,19.76 ,19.40 ,19.16 ,19.44 ,20.62 ,0.00 ,0.00 ,0.00 ,10.48 ,10.14 ,10.07 ,10.21 ,1450.04 ,1052.08 ,0.82 ,100.00 ,initial ,0  ,nonempty ,None ,initial ,483.44 ,Buffering (0/1) ,None     ,None  ,None  ,10.23 ,initial   ,Buffering (0/1) ,initial ,sleeping ,None    ,on       
2022-11-15,17:50:37.694,19.77 ,19.40 ,19.17 ,19.44 ,20.62 ,0.00 ,0.00 ,0.00 ,10.48 ,10.14 ,10.07 ,10.21 ,1450.00 ,1052.16 ,0.82 ,100.00 ,initial ,0  ,nonempty ,None ,initial ,482.63 ,Buffering (0/1) ,None     ,None  ,None  ,10.23 ,initial   ,Buffering (0/1) ,initial ,sleeping ,None    ,on       
2022-11-15,17:50:38.238,19.78 ,19.39 ,19.17 ,19.44 ,20.62 ,0.00 ,0.00 ,0.00 ,10.48 ,10.13 ,10.06 ,10.21 ,1449.88 ,1052.16 ,0.82 ,100.00 ,initial ,0  ,nonempty ,None ,initial ,483.17 ,Buffering (0/1) ,None     ,None  ,None  ,10.22 ,initial   ,Buffering (0/1) ,initial ,sleeping ,None    ,on       
2022-11-15,17:50:38.779,19.78 ,19.39 ,19.17 ,19.44 ,20.62 ,0.00 ,0.00 ,0.00 ,10.49 ,10.13 ,10.07 ,10.21 ,1449.72 ,1052.06 ,0.82 ,100.00 ,initial ,0  ,nonempty ,None ,initial ,483.72 ,Buffering (0/1) ,None     ,None  ,None  ,10.23 ,initial   ,Buffering (0/1) ,initial ,sleeping ,None    ,on       
2022-11-15,17:50:39.325,19.79 ,19.39 ,19.18 ,19.44 ,20.62 ,0.00 ,0.00 ,0.00 ,10.50 ,10.13 ,10.07 ,10.21 ,1449.74 ,1052.12 ,0.82 ,100.00 ,initial ,0  ,nonempty ,None ,initial ,482.77 ,Buffering (0/1) ,None     ,None  ,None  ,10.23 ,initial   ,Buffering (0/1) ,initial ,sleeping ,None    ,on       
2022-11-15,17:50:39.869,19.79 ,19.39 ,19.18 ,19.44 ,20.62 ,0.00 ,0.00 ,0.00 ,10.49 ,10.13 ,10.07 ,10.21 ,1449.76 ,1052.16 ,0.82 ,100.00 ,initial ,0  ,nonempty ,None ,initial ,483.17 ,Buffering (0/1) ,None     ,None  ,None  ,10.23 ,initial   ,Buffering (0/1) ,initial ,sleeping ,None    ,on       
2022-11-15,17:50:40.410,19.80 ,19.39 ,19.18 ,19.44 ,20.62 ,0.00 ,0.00 ,0.00 ,10.50 ,10.13 ,10.07 ,10.21 ,1449.68 ,1052.10 ,0.82 ,100.00 ,initial ,0  ,nonempty ,None ,initial ,483.04 ,Buffering (0/1) ,None     ,None  ,None  ,10.23 ,initial   ,Buffering (0/1) ,initial ,sleeping ,None    ,on       
2022-11-15,17:50:40.954,19.80 ,19.39 ,19.18 ,19.44 ,20.62 ,0.00 ,0.00 ,0.00 ,10.50 ,10.13 ,10.06 ,10.21 ,1449.76 ,1052.16 ,0.82 ,100.00 ,initial ,0  ,nonempty ,None ,initial ,482.77 ,Buffering (0/1) ,None     ,None  ,None  ,10.23 ,initial   ,Buffering (0/1) ,initial ,sleeping ,None    ,on       
2022-11-15,17:50:41.495,19.81 ,19.39 ,19.18 ,19.44 ,20.62 ,0.00 ,0.00 ,0.00 ,10.50 ,10.14 ,10.06 ,10.21 ,1449.82 ,1052.34 ,0.82 ,100.00 ,initial ,0  ,nonempty ,None ,initial ,482.49 ,Buffering (0/1) ,None     ,None  ,None  ,10.23 ,initial   ,Buffering (0/1) ,initial ,sleeping ,None    ,on       
2022-11-15,17:50:42.035,19.81 ,19.39 ,19.18 ,19.44 ,20.62 ,0.00 ,0.00 ,0.00 ,10.49 ,10.13 ,10.06 ,10.21 ,1449.82 ,1052.32 ,0.82 ,100.00 ,initial ,0  ,nonempty ,None ,initial ,482.90 ,Buffering (0/1) ,None     ,None  ,None  ,10.22 ,initial   ,Buffering (0/1) ,initial ,sleeping ,None    ,on       
2022-11-15,17:50:42.580,19.82 ,19.39 ,19.19 ,19.45 ,20.62 ,0.00 ,0.00 ,0.00 ,10.50 ,10.13 ,10.06 ,10.21 ,1449.94 ,1052.44 ,0.82 ,100.00 ,initial ,0  ,nonempty ,None ,initial ,482.36 ,Buffering (0/1) ,None     ,None  ,None  ,10.23 ,initial   ,Buffering (0/1) ,initial ,sleeping ,None    ,on       
2022-11-15,17:50:43.120,19.82 ,19.39 ,19.19 ,19.45 ,20.62 ,0.00 ,0.00 ,0.00 ,10.49 ,10.13 ,10.06 ,10.21 ,1450.00 ,1052.46 ,0.82 ,100.00 ,initial ,0  ,nonempty ,None ,initial ,482.90 ,Buffering (0/1) ,None     ,None  ,None  ,10.22 ,initial   ,Buffering (0/1) ,initial ,sleeping ,None    ,on       
2022-11-15,17:50:43.662,19.83 ,19.39 ,19.19 ,19.46 ,20.62 ,0.00 ,0.00 ,-0.01 ,10.50 ,10.13 ,10.06 ,10.21 ,1449.92 ,1052.50 ,0.82 ,100.00 ,initial ,0  ,nonempty ,None ,initial ,482.49 ,Buffering (0/1) ,None     ,None  ,None  ,10.23 ,initial   ,Buffering (0/1) ,initial ,sleeping ,None    ,on       
2022-11-15,17:50:44.206,19.83 ,19.39 ,19.19 ,19.46 ,20.62 ,0.00 ,0.00 ,-0.01 ,10.50 ,10.13 ,10.06 ,10.21 ,1449.96 ,1052.46 ,0.82 ,100.00 ,initial ,0  ,nonempty ,None ,initial ,482.77 ,Buffering (0/1) ,None     ,None  ,None  ,10.23 ,initial   ,Buffering (0/1) ,initial ,sleeping ,None    ,on       
2022-11-15,17:50:44.750,19.84 ,19.40 ,19.20 ,19.46 ,20.62 ,0.00 ,0.00 ,-0.00 ,10.49 ,10.14 ,10.07 ,10.21 ,1449.94 ,1052.52 ,0.82 ,100.00 ,initial ,0  ,nonempty ,None ,initial ,482.49 ,Buffering (0/1) ,None     ,None  ,None  ,10.23 ,initial   ,Buffering (0/1) ,initial ,sleeping ,None    ,on       
2022-11-15,17:50:45.295,19.85 ,19.40 ,19.20 ,19.46 ,20.62 ,0.00 ,0.00 ,-0.00 ,10.49 ,10.14 ,10.07 ,10.21 ,1449.82 ,1052.44 ,0.82 ,100.00 ,initial ,0  ,nonempty ,None ,initial ,482.90 ,Buffering (0/1) ,None     ,None  ,None  ,10.23 ,initial   ,Buffering (0/1) ,initial ,sleeping ,None    ,on       
2022-11-15,17:50:45.836,19.85 ,19.40 ,19.20 ,19.46 ,20.62 ,0.00 ,0.00 ,-0.00 ,10.49 ,10.14 ,10.07 ,10.21 ,1449.82 ,1052.50 ,0.82 ,100.00 ,initial ,0  ,nonempty ,None ,initial ,482.45 ,Buffering (0/1) ,None     ,None  ,None  ,10.23 ,initial   ,Buffering (0/1) ,wakingSafety ,sleepInterrupted ,None    ,on       
2022-11-15,17:50:46.381,19.86 ,19.40 ,19.20 ,19.46 ,20.62 ,0.00 ,0.00 ,-0.00 ,10.50 ,10.14 ,10.07 ,10.21 ,1449.80 ,1052.44 ,0.82 ,100.00 ,initial ,0  ,nonempty ,None ,initial ,482.90 ,Buffering (0/1) ,None     ,None  ,None  ,10.23 ,initial   ,Buffering (0/1) ,wakingSafety ,sleepInterrupted ,None    ,on       
2022-11-15,17:50:46.924,19.86 ,19.40 ,19.19 ,19.46 ,20.62 ,0.00 ,0.00 ,-0.00 ,10.51 ,10.14 ,10.06 ,10.21 ,1449.82 ,1052.46 ,0.82 ,100.00 ,initial ,0  ,nonempty ,None ,initial ,482.63 ,Buffering (0/1) ,None     ,None  ,None  ,10.23 ,initial   ,Buffering (0/1) ,wakingSafety ,sleepInterrupted ,None    ,on       
2022-11-15,17:50:47.466,19.87 ,19.41 ,19.19 ,19.47 ,20.62 ,0.00 ,0.00 ,-0.00 ,10.51 ,10.14 ,10.06 ,10.21 ,1449.78 ,1052.46 ,0.82 ,100.00 ,initial ,0  ,nonempty ,None ,initial ,482.49 ,Buffering (0/1) ,None     ,None  ,None  ,10.23 ,initial   ,Buffering (0/1) ,wakingSafety ,sleepInterrupted ,None    ,on       
2022-11-15,17:50:48.008,19.88 ,19.41 ,19.19 ,19.47 ,20.62 ,0.00 ,0.00 ,-0.00 ,10.50 ,10.14 ,10.06 ,10.21 ,1449.70 ,1052.48 ,0.82 ,100.00 ,initial ,0  ,nonempty ,None ,initial ,482.77 ,Buffering (0/1) ,None     ,None  ,None  ,10.23 ,initial   ,Buffering (0/1) ,wakingSafety ,sleepInterrupted ,None    ,on       
2022-11-15,17:50:48.551,19.88 ,19.41 ,19.19 ,19.47 ,20.62 ,0.00 ,0.00 ,-0.00 ,10.50 ,10.14 ,10.06 ,10.21 ,1449.64 ,1052.44 ,0.82 ,100.00 ,initial ,0  ,nonempty ,None ,initial ,482.77 ,Buffering (0/1) ,None     ,None  ,None  ,10.23 ,initial   ,Buffering (0/1) ,wakingSafety ,sleepInterrupted ,None    ,on       
2022-11-15,17:50:49.095,19.89 ,19.41 ,19.18 ,19.46 ,20.62 ,0.00 ,0.00 ,0.00 ,10.49 ,10.13 ,10.06 ,10.21 ,1449.58 ,1052.54 ,0.82 ,100.00 ,initial ,0  ,nonempty ,None ,initial ,482.22 ,Buffering (0/1) ,None     ,None  ,None  ,10.22 ,initial   ,Buffering (0/1) ,wakingSafety ,sleepInterrupted ,None    ,on       
2022-11-15,17:50:49.638,19.90 ,19.41 ,19.18 ,19.46 ,20.62 ,0.00 ,0.00 ,0.00 ,10.49 ,10.13 ,10.06 ,10.21 ,1449.58 ,1052.60 ,0.82 ,100.00 ,initial ,0  ,nonempty ,None ,initial ,482.22 ,Buffering (0/1) ,None     ,None  ,None  ,10.22 ,initial   ,Buffering (0/1) ,wakingSafety ,sleepInterrupted ,None    ,on       
2022-11-15,17:50:50.178,19.90 ,19.41 ,19.18 ,19.46 ,20.62 ,0.00 ,0.00 ,0.00 ,10.49 ,10.13 ,10.06 ,10.21 ,1449.60 ,1052.58 ,0.82 ,100.00 ,initial ,0  ,nonempty ,None ,initial ,482.63 ,Buffering (0/1) ,None     ,None  ,None  ,10.22 ,initial   ,Buffering (0/1) ,wakingSafety ,sleepInterrupted ,None    ,on       
2022-11-15,17:50:50.722,19.91 ,19.41 ,19.18 ,19.46 ,20.62 ,0.00 ,0.00 ,-0.01 ,10.49 ,10.14 ,10.06 ,10.21 ,1449.64 ,1052.66 ,0.82 ,100.00 ,initial ,0  ,nonempty ,None ,initial ,482.22 ,Buffering (0/1) ,None     ,None  ,None  ,10.23 ,initial   ,Buffering (0/1) ,wakingSafety ,sleepInterrupted ,None    ,on       
2022-11-15,17:50:51.263,19.92 ,19.41 ,19.18 ,19.46 ,20.62 ,0.00 ,0.00 ,-0.01 ,10.49 ,10.14 ,10.06 ,10.21 ,1449.60 ,1052.78 ,0.82 ,100.00 ,initial ,0  ,nonempty ,None ,initial ,481.95 ,Buffering (0/1) ,None     ,None  ,None  ,10.23 ,initial   ,Buffering (0/1) ,wakingSafety ,sleepInterrupted ,None    ,on       
2022-11-15,17:50:51.807,19.92 ,19.41 ,19.18 ,19.46 ,20.62 ,0.00 ,0.00 ,-0.01 ,10.49 ,10.13 ,10.06 ,10.21 ,1449.72 ,1052.78 ,0.82 ,100.00 ,initial ,0  ,nonempty ,None ,initial ,482.22 ,Buffering (0/1) ,None     ,None  ,None  ,10.22 ,initial   ,Buffering (0/1) ,wakingSafety ,sleepInterrupted ,None    ,on       
2022-11-15,17:50:52.348,19.92 ,19.41 ,19.18 ,19.46 ,20.62 ,0.00 ,0.00 ,-0.01 ,10.50 ,10.14 ,10.07 ,10.21 ,1449.66 ,1052.82 ,0.82 ,100.00 ,initial ,0  ,nonempty ,None ,initial ,481.91 ,Buffering (0/1) ,None     ,None  ,None  ,10.23 ,initial   ,Buffering (0/1) ,wakingSafety ,sleepInterrupted ,None    ,on       
2022-11-15,17:50:52.894,19.92 ,19.41 ,19.18 ,19.46 ,20.62 ,0.00 ,0.00 ,-0.01 ,10.51 ,10.14 ,10.07 ,10.21 ,1449.74 ,1052.92 ,0.82 ,100.00 ,initial ,0  ,nonempty ,None ,initial ,481.91 ,Buffering (0/1) ,None     ,None  ,None  ,10.23 ,initial   ,Buffering (0/1) ,wakingSafety ,sleepInterrupted ,None    ,on       
2022-11-15,17:50:53.434,19.92 ,19.41 ,19.18 ,19.47 ,20.62 ,0.00 ,0.00 ,-0.01 ,10.51 ,10.13 ,10.07 ,10.21 ,1449.72 ,1052.90 ,0.82 ,100.00 ,initial ,0  ,nonempty ,None ,initial ,482.36 ,Buffering (0/1) ,None     ,None  ,None  ,10.23 ,initial   ,Buffering (0/1) ,wakingSafety ,sleepInterrupted ,None    ,on       
2022-11-15,17:50:53.975,19.93 ,19.41 ,19.18 ,19.47 ,20.62 ,0.00 ,0.00 ,-0.00 ,10.51 ,10.13 ,10.07 ,10.21 ,1449.68 ,1052.86 ,0.82 ,100.00 ,initial ,0  ,nonempty ,None ,initial ,482.22 ,Buffering (0/1) ,None     ,None  ,None  ,10.23 ,initial   ,Buffering (0/1) ,wakingSafety ,sleepInterrupted ,None    ,on       
2022-11-15,17:50:54.520,19.93 ,19.41 ,19.18 ,19.47 ,20.62 ,0.00 ,0.00 ,-0.00 ,10.51 ,10.13 ,10.06 ,10.21 ,1449.52 ,1052.82 ,0.82 ,100.00 ,initial ,0  ,nonempty ,None ,initial ,482.49 ,Buffering (0/1) ,None     ,None  ,None  ,10.23 ,initial   ,Buffering (0/1) ,wakingSafety ,sleepInterrupted ,None    ,on       
2022-11-15,17:50:55.064,19.93 ,19.41 ,19.19 ,19.47 ,20.62 ,0.00 ,0.00 ,-0.00 ,10.50 ,10.13 ,10.07 ,10.21 ,1449.54 ,1052.80 ,0.82 ,100.00 ,initial ,0  ,nonempty ,None ,initial ,482.09 ,Buffering (0/1) ,None     ,None  ,None  ,10.23 ,initial   ,Buffering (0/1) ,wakingSafety ,sleepInterrupted ,None    ,on       
2022-11-15,17:50:55.610,19.94 ,19.41 ,19.19 ,19.47 ,20.62 ,0.00 ,0.00 ,-0.00 ,10.50 ,10.13 ,10.06 ,10.21 ,1449.46 ,1052.78 ,0.82 ,100.00 ,initial ,0  ,nonempty ,None ,initial ,482.09 ,Buffering (0/1) ,None     ,None  ,None  ,10.23 ,initial   ,Buffering (0/1) ,wakingSafety ,sleepInterrupted ,None    ,on       
2022-11-15,17:50:56.154,19.94 ,19.42 ,19.20 ,19.47 ,20.62 ,0.00 ,0.00 ,0.01 ,10.50 ,10.14 ,10.06 ,10.21 ,1449.46 ,1052.90 ,0.82 ,100.00 ,initial ,0  ,nonempty ,None ,initial ,481.54 ,Buffering (0/1) ,None     ,None  ,None  ,10.23 ,initial   ,Buffering (0/1) ,wakingSafety ,sleepInterrupted ,None    ,on       
2022-11-15,17:50:56.695,19.93 ,19.42 ,19.20 ,19.47 ,20.62 ,0.00 ,0.00 ,0.01 ,10.50 ,10.14 ,10.07 ,10.21 ,1449.54 ,1052.88 ,0.82 ,100.00 ,initial ,0  ,nonempty ,None ,initial ,482.36 ,Buffering (0/1) ,None     ,None  ,None  ,10.23 ,initial   ,Buffering (0/1) ,wakingSafety ,sleepInterrupted ,None    ,on       
2022-11-15,17:50:57.239,19.93 ,19.42 ,19.20 ,19.47 ,20.62 ,0.00 ,0.00 ,0.01 ,10.50 ,10.14 ,10.07 ,10.21 ,1449.66 ,1053.00 ,0.82 ,100.00 ,initial ,0  ,nonempty ,None ,initial ,481.68 ,Buffering (0/1) ,None     ,None  ,None  ,10.23 ,initial   ,Buffering (0/1) ,wakingSafety ,sleepInterrupted ,None    ,on       
2022-11-15,17:50:57.780,19.93 ,19.42 ,19.20 ,19.47 ,20.62 ,0.00 ,0.00 ,0.01 ,10.50 ,10.14 ,10.06 ,10.21 ,1449.60 ,1053.02 ,0.82 ,100.00 ,initial ,0  ,nonempty ,None ,initial ,481.91 ,Buffering (0/1) ,None     ,None  ,None  ,10.23 ,initial   ,Buffering (0/1) ,wakingSafety ,sleepInterrupted ,None    ,on       
2022-11-15,17:50:58.324,19.92 ,19.43 ,19.19 ,19.46 ,20.62 ,0.00 ,0.00 ,0.01 ,10.50 ,10.14 ,10.07 ,10.21 ,1449.56 ,1053.00 ,0.82 ,100.00 ,initial ,0  ,nonempty ,None ,initial ,482.18 ,Buffering (0/1) ,None     ,None  ,None  ,10.23 ,initial   ,Buffering (0/1) ,wakingSafety ,sleepInterrupted ,None    ,on       
2022-11-15,17:50:58.865,19.91 ,19.43 ,19.19 ,19.46 ,20.61 ,0.00 ,0.00 ,0.01 ,10.51 ,10.14 ,10.07 ,10.21 ,1449.66 ,1052.96 ,0.82 ,100.00 ,initial ,0  ,nonempty ,None ,initial ,481.77 ,Buffering (0/1) ,None     ,None  ,None  ,10.23 ,initial   ,Buffering (0/1) ,wakingSafety ,sleepInterrupted ,None    ,on       
2022-11-15,17:50:59.409,19.91 ,19.44 ,19.18 ,19.45 ,20.61 ,0.00 ,0.00 ,0.01 ,10.51 ,10.14 ,10.07 ,10.21 ,1449.58 ,1053.06 ,0.82 ,100.00 ,initial ,0  ,nonempty ,None ,initial ,481.68 ,Buffering (0/1) ,None     ,None  ,None  ,10.23 ,initial   ,Buffering (0/1) ,wakingSafety ,sleepInterrupted ,None    ,on       
2022-11-15,17:50:59.955,19.90 ,19.44 ,19.18 ,19.45 ,20.61 ,0.00 ,0.00 ,0.01 ,10.51 ,10.13 ,10.06 ,10.21 ,1449.48 ,1052.96 ,0.82 ,100.00 ,initial ,0  ,nonempty ,None ,initial ,482.32 ,Buffering (0/1) ,None     ,None  ,None  ,10.23 ,initial   ,Buffering (0/1) ,wakingSafety ,sleepInterrupted ,None    ,on       
2022-11-15,17:51:00.502,19.90 ,19.44 ,19.18 ,19.45 ,20.61 ,0.00 ,0.00 ,0.01 ,10.50 ,10.13 ,10.07 ,10.21 ,1449.54 ,1053.02 ,0.82 ,100.00 ,initial ,0  ,nonempty ,None ,initial ,481.54 ,Buffering (0/1) ,None     ,None  ,None  ,10.23 ,initial   ,Buffering (0/1) ,wakingSafety ,sleepInterrupted ,None    ,on       
2022-11-15,17:51:01.040,19.89 ,19.44 ,19.18 ,19.45 ,20.61 ,0.00 ,0.00 ,0.01 ,10.49 ,10.13 ,10.07 ,10.21 ,1449.62 ,1053.00 ,0.82 ,100.00 ,initial ,0  ,nonempty ,None ,initial ,482.32 ,Buffering (0/1) ,None     ,None  ,None  ,10.23 ,initial   ,Buffering (0/1) ,wakingSafety ,sleepInterrupted ,None    ,on       
2022-11-15,17:51:01.582,19.88 ,19.44 ,19.18 ,19.45 ,20.62 ,0.00 ,0.00 ,0.01 ,10.49 ,10.13 ,10.07 ,10.21 ,1449.50 ,1053.00 ,0.82 ,100.00 ,initial ,0  ,nonempty ,None ,initial ,481.82 ,Buffering (0/1) ,None     ,None  ,None  ,10.23 ,initial   ,Buffering (0/1) ,wakingSafety ,sleepInterrupted ,None    ,on       
2022-11-15,17:51:02.127,19.88 ,19.44 ,19.18 ,19.45 ,20.62 ,0.00 ,0.00 ,0.01 ,10.48 ,10.13 ,10.07 ,10.21 ,1449.48 ,1052.98 ,0.82 ,100.00 ,initial ,0  ,nonempty ,None ,initial ,481.82 ,Buffering (0/1) ,None     ,None  ,None  ,10.22 ,initial   ,Buffering (0/1) ,wakingSafety ,sleepInterrupted ,None    ,on       
2022-11-15,17:51:02.671,19.87 ,19.44 ,19.18 ,19.44 ,20.62 ,-0.00 ,0.00 ,0.00 ,10.48 ,10.13 ,10.07 ,10.21 ,1449.46 ,1053.04 ,0.82 ,100.00 ,initial ,0  ,nonempty ,None ,initial ,481.95 ,Buffering (0/1) ,None     ,None  ,None  ,10.22 ,initial   ,Buffering (0/1) ,wakingSafety ,sleepInterrupted ,None    ,on       
2022-11-15,17:51:03.213,19.87 ,19.44 ,19.19 ,19.44 ,20.62 ,-0.00 ,0.00 ,0.00 ,10.47 ,10.13 ,10.07 ,10.21 ,1449.38 ,1053.04 ,0.82 ,100.00 ,initial ,0  ,nonempty ,None ,initial ,481.50 ,Buffering (0/1) ,None     ,None  ,None  ,10.22 ,initial   ,Buffering (0/1) ,wakingSafety ,sleepInterrupted ,None    ,on       
2022-11-15,17:51:03.753,19.86 ,19.43 ,19.19 ,19.45 ,20.62 ,-0.01 ,0.00 ,0.01 ,10.48 ,10.13 ,10.06 ,10.21 ,1449.32 ,1053.20 ,0.82 ,100.00 ,initial ,0  ,nonempty ,None ,initial ,481.27 ,Buffering (0/1) ,None     ,None  ,None  ,10.22 ,initial   ,Buffering (0/1) ,wakingSafety ,sleepInterrupted ,None    ,on       
2022-11-15,17:51:04.297,19.86 ,19.43 ,19.19 ,19.45 ,20.62 ,-0.01 ,0.00 ,0.01 ,10.48 ,10.13 ,10.06 ,10.21 ,1449.44 ,1053.22 ,0.82 ,100.00 ,initial ,0  ,nonempty ,None ,initial ,481.68 ,Buffering (0/1) ,None     ,None  ,None  ,10.22 ,initial   ,Buffering (0/1) ,wakingSafety ,sleepInterrupted ,None    ,on       
2022-11-15,17:51:04.838,19.86 ,19.43 ,19.20 ,19.45 ,20.62 ,-0.01 ,0.00 ,0.01 ,10.48 ,10.13 ,10.07 ,10.21 ,1449.42 ,1053.20 ,0.82 ,100.00 ,initial ,0  ,nonempty ,None ,initial ,481.95 ,Buffering (0/1) ,None     ,None  ,None  ,10.22 ,initial   ,Buffering (0/1) ,wakingSafety ,sleepInterrupted ,None    ,on       
2022-11-15,17:51:05.383,19.86 ,19.43 ,19.20 ,19.45 ,20.62 ,-0.01 ,0.00 ,0.01 ,10.49 ,10.13 ,10.07 ,10.21 ,1449.54 ,1053.16 ,0.82 ,100.00 ,initial ,0  ,nonempty ,None ,initial ,482.18 ,Buffering (0/1) ,None     ,None  ,None  ,10.23 ,initial   ,Buffering (0/1) ,wakingSafety ,sleepInterrupted ,None    ,on       
2022-11-15,17:51:05.928,19.86 ,19.43 ,19.20 ,19.44 ,20.62 ,-0.02 ,0.00 ,0.01 ,10.49 ,10.13 ,10.07 ,10.21 ,1449.52 ,1053.10 ,0.82 ,100.00 ,initial ,0  ,nonempty ,None ,initial ,481.91 ,Buffering (0/1) ,None     ,None  ,None  ,10.23 ,initial   ,Buffering (0/1) ,wakingSafety ,sleepInterrupted ,None    ,on       
2022-11-15,17:51:06.471,19.86 ,19.42 ,19.21 ,19.44 ,20.61 ,-0.02 ,0.00 ,0.01 ,10.51 ,10.13 ,10.07 ,10.21 ,1449.50 ,1053.12 ,0.82 ,100.00 ,initial ,0  ,nonempty ,None ,initial ,481.10 ,Buffering (0/1) ,None     ,None  ,None  ,10.23 ,initial   ,Buffering (0/1) ,wakingSafety ,sleepInterrupted ,None    ,on       
2022-11-15,17:51:07.017,19.86 ,19.43 ,19.21 ,19.44 ,20.61 ,-0.01 ,0.00 ,0.00 ,10.53 ,10.13 ,10.07 ,10.21 ,1449.34 ,1053.22 ,0.82 ,100.00 ,initial ,0  ,nonempty ,None ,initial ,481.00 ,Buffering (0/1) ,None     ,None  ,None  ,10.23 ,initial   ,Buffering (0/1) ,stopped ,active_weightFixed ,None    ,on       
2022-11-15,17:51:07.560,19.86 ,19.43 ,19.21 ,19.44 ,20.61 ,-0.01 ,0.00 ,0.00 ,10.55 ,10.13 ,10.07 ,10.21 ,1449.40 ,1053.24 ,0.82 ,100.00 ,initial ,0  ,nonempty ,None ,initial ,481.82 ,Buffering (0/1) ,None     ,None  ,None  ,10.24 ,initial   ,Buffering (0/1) ,stopped ,active_weightFixed ,None    ,on       
2022-11-15,17:51:08.106,19.86 ,19.43 ,19.21 ,19.45 ,20.61 ,-0.01 ,0.00 ,-0.00 ,10.54 ,10.14 ,10.07 ,10.21 ,1449.42 ,1053.38 ,0.82 ,100.00 ,initial ,0  ,nonempty ,None ,initial ,481.23 ,Buffering (0/1) ,None     ,None  ,None  ,10.24 ,initial   ,Buffering (0/1) ,stopped ,active_weightFixed ,None    ,on       
2022-11-15,17:51:08.647,19.86 ,19.43 ,19.21 ,19.45 ,20.61 ,-0.01 ,0.00 ,-0.00 ,10.55 ,10.14 ,10.07 ,10.21 ,1449.42 ,1053.44 ,0.82 ,100.00 ,initial ,0  ,nonempty ,None ,initial ,481.50 ,Buffering (0/1) ,None     ,None  ,None  ,10.24 ,initial   ,Buffering (0/1) ,stopped ,active_weightFixed ,None    ,on       
2022-11-15,17:51:09.193,19.86 ,19.43 ,19.21 ,19.46 ,20.61 ,0.00 ,0.00 ,-0.00 ,10.53 ,10.14 ,10.07 ,10.21 ,1449.42 ,1053.36 ,0.82 ,100.00 ,initial ,0  ,nonempty ,None ,initial ,481.64 ,Buffering (0/1) ,None     ,None  ,None  ,10.24 ,initial   ,Buffering (0/1) ,stopped ,active_weightFixed ,None    ,on       
2022-11-15,17:51:09.732,19.86 ,19.43 ,19.21 ,19.46 ,20.61 ,0.01 ,-0.00 ,-0.01 ,10.53 ,10.14 ,10.07 ,10.21 ,1449.52 ,1053.30 ,0.82 ,100.00 ,initial ,0  ,nonempty ,None ,initial ,481.37 ,Buffering (0/1) ,None     ,None  ,None  ,10.24 ,initial   ,Buffering (0/1) ,stopped ,active_weightFixed ,None    ,on       
2022-11-15,17:51:10.268,19.86 ,19.43 ,19.21 ,19.47 ,20.61 ,0.01 ,-0.00 ,-0.01 ,10.51 ,10.14 ,10.07 ,10.21 ,1449.52 ,1053.38 ,0.82 ,100.00 ,initial ,0  ,nonempty ,None ,initial ,481.23 ,Buffering (0/1) ,None     ,None  ,None  ,10.23 ,initial   ,Buffering (0/1) ,stopped ,active_weightFixed ,None    ,on       
2022-11-15,17:51:10.811,19.87 ,19.43 ,19.21 ,19.47 ,20.61 ,0.00 ,-0.00 ,-0.01 ,10.53 ,10.14 ,10.07 ,10.21 ,1449.50 ,1053.38 ,0.82 ,100.00 ,initial ,0  ,nonempty ,None ,initial ,481.23 ,Buffering (0/1) ,None     ,None  ,None  ,10.24 ,initial   ,Buffering (0/1) ,stopped ,active_weightFixed ,None    ,on       
2022-11-15,17:51:11.354,19.87 ,19.43 ,19.21 ,19.47 ,20.61 ,0.00 ,-0.00 ,-0.01 ,10.53 ,10.13 ,10.07 ,10.21 ,1449.60 ,1053.48 ,0.82 ,100.00 ,initial ,0  ,nonempty ,None ,initial ,480.83 ,Buffering (0/1) ,None     ,None  ,None  ,10.23 ,initial   ,Buffering (0/1) ,stopped ,active_weightFixed ,None    ,on       
2022-11-15,17:51:11.895,19.87 ,19.44 ,19.21 ,19.47 ,20.61 ,0.00 ,-0.01 ,-0.01 ,10.54 ,10.14 ,10.07 ,10.21 ,1449.66 ,1053.64 ,0.82 ,100.00 ,initial ,0  ,nonempty ,None ,initial ,480.55 ,Buffering (0/1) ,None     ,None  ,None  ,10.24 ,initial   ,Buffering (0/1) ,stopped ,active_weightFixed ,None    ,on       
2022-11-15,17:51:12.439,19.88 ,19.44 ,19.21 ,19.46 ,20.61 ,0.00 ,-0.01 ,-0.01 ,10.54 ,10.13 ,10.07 ,10.21 ,1449.58 ,1053.74 ,0.82 ,100.00 ,initial ,0  ,nonempty ,None ,initial ,480.69 ,Buffering (0/1) ,None     ,None  ,None  ,10.24 ,initial   ,Buffering (0/1) ,stopped ,active_weightFixed ,None    ,on       
2022-11-15,17:51:12.979,19.88 ,19.45 ,19.21 ,19.46 ,20.61 ,-0.00 ,-0.01 ,-0.00 ,10.56 ,10.13 ,10.07 ,10.21 ,1449.62 ,1053.74 ,0.82 ,100.00 ,initial ,0  ,nonempty ,None ,initial ,481.27 ,Buffering (0/1) ,None     ,None  ,None  ,10.24 ,initial   ,Buffering (0/1) ,stopped ,active_weightFixed ,None    ,on       
2022-11-15,17:51:13.524,19.89 ,19.45 ,19.21 ,19.46 ,20.61 ,-0.00 ,-0.01 ,-0.00 ,10.56 ,10.13 ,10.07 ,10.21 ,1449.54 ,1053.72 ,0.82 ,100.00 ,initial ,0  ,nonempty ,None ,initial ,481.37 ,Buffering (0/1) ,None     ,None  ,None  ,10.24 ,initial   ,Buffering (0/1) ,stopped ,active_weightFixed ,None    ,on       
2022-11-15,17:51:14.069,19.89 ,19.46 ,19.22 ,19.45 ,20.61 ,-0.00 ,-0.01 ,-0.01 ,10.56 ,10.13 ,10.07 ,10.21 ,1449.42 ,1053.64 ,0.82 ,100.00 ,initial ,0  ,nonempty ,None ,initial ,481.37 ,Buffering (0/1) ,None     ,None  ,None  ,10.24 ,initial   ,Buffering (0/1) ,stopped ,active_weightFixed ,None    ,on       
2022-11-15,17:51:14.615,19.90 ,19.46 ,19.22 ,19.45 ,20.61 ,-0.00 ,-0.01 ,-0.01 ,10.56 ,10.13 ,10.07 ,10.21 ,1449.38 ,1053.48 ,0.82 ,100.00 ,initial ,0  ,nonempty ,None ,initial ,481.64 ,Buffering (0/1) ,None     ,None  ,None  ,10.24 ,initial   ,Buffering (0/1) ,stopped ,active_weightFixed ,None    ,on       
2022-11-15,17:51:15.154,19.90 ,19.46 ,19.22 ,19.45 ,20.61 ,-0.01 ,-0.01 ,-0.01 ,10.55 ,10.13 ,10.06 ,10.21 ,1449.44 ,1053.46 ,0.82 ,100.00 ,initial ,0  ,nonempty ,None ,initial ,480.83 ,Buffering (0/1) ,None     ,None  ,None  ,10.24 ,initial   ,Buffering (0/1) ,stopped ,active_weightFixed ,None    ,on       
2022-11-15,17:51:15.699,19.90 ,19.47 ,19.22 ,19.45 ,20.61 ,0.00 ,-0.00 ,-0.01 ,10.52 ,10.13 ,10.07 ,10.21 ,1449.42 ,1053.56 ,0.82 ,100.00 ,initial ,0  ,nonempty ,None ,initial ,480.55 ,Buffering (0/1) ,None     ,None  ,None  ,10.23 ,initial   ,Buffering (0/1) ,stopped ,active_weightFixed ,None    ,on       
2022-11-15,17:51:16.240,19.91 ,19.47 ,19.22 ,19.45 ,20.61 ,0.00 ,-0.00 ,-0.01 ,10.51 ,10.13 ,10.07 ,10.21 ,1449.42 ,1053.48 ,0.82 ,100.00 ,initial ,0  ,nonempty ,None ,initial ,481.91 ,Buffering (0/1) ,None     ,None  ,None  ,10.23 ,initial   ,Buffering (0/1) ,stopped ,active_weightFixed ,None    ,on       
2022-11-15,17:51:16.780,19.91 ,19.47 ,19.23 ,19.45 ,20.61 ,0.00 ,-0.00 ,-0.01 ,10.49 ,10.13 ,10.07 ,10.21 ,1449.50 ,1053.54 ,0.82 ,100.00 ,initial ,0  ,nonempty ,None ,initial ,480.96 ,Buffering (0/1) ,None     ,None  ,None  ,10.23 ,initial   ,Buffering (0/1) ,stopped ,active_weightFixed ,None    ,on       
2022-11-15,17:51:17.325,19.91 ,19.47 ,19.23 ,19.45 ,20.61 ,0.00 ,-0.00 ,-0.01 ,10.47 ,10.13 ,10.07 ,10.21 ,1449.48 ,1053.54 ,0.82 ,100.00 ,initial ,0  ,nonempty ,None ,initial ,481.64 ,Buffering (0/1) ,None     ,None  ,None  ,10.22 ,initial   ,Buffering (0/1) ,stopped ,active_weightFixed ,None    ,on       
2022-11-15,17:51:17.871,19.91 ,19.47 ,19.23 ,19.45 ,20.61 ,-0.00 ,-0.00 ,-0.01 ,10.47 ,10.13 ,10.07 ,10.21 ,1449.40 ,1053.54 ,0.82 ,100.00 ,initial ,0  ,nonempty ,None ,initial ,480.83 ,Buffering (0/1) ,None     ,None  ,None  ,10.22 ,initial   ,Buffering (0/1) ,stopped ,active_weightFixed ,None    ,on       
2022-11-15,17:51:18.416,19.91 ,19.47 ,19.23 ,19.45 ,20.61 ,-0.00 ,-0.00 ,-0.01 ,10.47 ,10.13 ,10.07 ,10.21 ,1449.36 ,1053.42 ,0.82 ,100.00 ,initial ,0  ,nonempty ,None ,initial ,481.37 ,Buffering (0/1) ,None     ,None  ,None  ,10.22 ,initial   ,Buffering (0/1) ,stopped ,active_weightFixed ,None    ,on       
2022-11-15,17:51:18.959,19.91 ,19.47 ,19.24 ,19.45 ,20.61 ,0.00 ,-0.00 ,-0.01 ,10.47 ,10.13 ,10.07 ,10.21 ,1449.22 ,1053.54 ,0.82 ,100.00 ,initial ,0  ,nonempty ,None ,initial ,481.10 ,Buffering (0/1) ,None     ,None  ,None  ,10.22 ,initial   ,Buffering (0/1) ,stopped ,active_weightFixed ,None    ,on       
2022-11-15,17:51:19.504,19.91 ,19.48 ,19.24 ,19.45 ,20.61 ,0.00 ,-0.00 ,-0.01 ,10.48 ,10.13 ,10.07 ,10.21 ,1449.10 ,1053.50 ,0.82 ,100.00 ,initial ,0  ,nonempty ,None ,initial ,481.23 ,Buffering (0/1) ,None     ,None  ,None  ,10.22 ,initial   ,Buffering (0/1) ,stopped ,active_weightFixed ,None    ,on       
2022-11-15,17:51:20.049,19.91 ,19.48 ,19.24 ,19.45 ,20.61 ,0.01 ,-0.00 ,-0.01 ,10.47 ,10.13 ,10.07 ,10.21 ,1449.02 ,1053.60 ,0.82 ,100.00 ,initial ,0  ,nonempty ,None ,initial ,480.96 ,Buffering (0/1) ,None     ,None  ,None  ,10.22 ,initial   ,Buffering (0/1) ,stopped ,active_weightFixed ,None    ,on       
2022-11-15,17:51:20.595,19.91 ,19.48 ,19.24 ,19.45 ,20.61 ,0.01 ,-0.00 ,-0.01 ,10.48 ,10.13 ,10.07 ,10.21 ,1449.06 ,1053.50 ,0.82 ,100.00 ,initial ,0  ,nonempty ,None ,initial ,481.50 ,Buffering (0/1) ,None     ,None  ,None  ,10.22 ,initial   ,Buffering (0/1) ,stopped ,active_weightFixed ,None    ,on       
2022-11-15,17:51:21.137,19.91 ,19.48 ,19.24 ,19.45 ,20.61 ,-0.00 ,-0.00 ,-0.00 ,10.48 ,10.13 ,10.06 ,10.21 ,1449.04 ,1053.48 ,0.82 ,100.00 ,initial ,0  ,nonempty ,None ,initial ,481.50 ,Buffering (0/1) ,None     ,None  ,None  ,10.22 ,initial   ,Buffering (0/1) ,stopped ,active_weightFixed ,None    ,on       
2022-11-15,17:51:21.681,19.91 ,19.49 ,19.24 ,19.45 ,20.61 ,-0.00 ,-0.00 ,0.00 ,10.48 ,10.13 ,10.06 ,10.21 ,1449.14 ,1053.50 ,0.82 ,100.00 ,initial ,0  ,nonempty ,None ,initial ,480.96 ,Buffering (0/1) ,None     ,None  ,None  ,10.22 ,initial   ,Buffering (0/1) ,stopped ,active_weightFixed ,None    ,on       
2022-11-15,17:51:22.224,19.91 ,19.49 ,19.24 ,19.45 ,20.61 ,-0.00 ,-0.00 ,0.00 ,10.49 ,10.13 ,10.06 ,10.21 ,1449.22 ,1053.50 ,0.82 ,100.00 ,initial ,0  ,nonempty ,None ,initial ,481.23 ,Buffering (0/1) ,None     ,None  ,None  ,10.22 ,initial   ,Buffering (0/1) ,stopped ,active_weightFixed ,None    ,on       
2022-11-15,17:51:22.769,19.90 ,19.49 ,19.24 ,19.45 ,20.61 ,-0.00 ,-0.00 ,0.00 ,10.49 ,10.13 ,10.06 ,10.21 ,1449.22 ,1053.48 ,0.82 ,100.00 ,initial ,0  ,nonempty ,None ,initial ,481.10 ,Buffering (0/1) ,None     ,None  ,None  ,10.22 ,initial   ,Buffering (0/1) ,stopped ,active_weightFixed ,None    ,on       
2022-11-15,17:51:23.313,19.90 ,19.49 ,19.24 ,19.45 ,20.61 ,-0.00 ,-0.00 ,0.00 ,10.50 ,10.13 ,10.06 ,10.21 ,1449.16 ,1053.52 ,0.82 ,100.00 ,initial ,0  ,nonempty ,None ,initial ,481.23 ,Buffering (0/1) ,None     ,None  ,None  ,10.23 ,initial   ,Buffering (0/1) ,stopped ,active_weightFixed ,None    ,on       
2022-11-15,17:51:23.858,19.89 ,19.49 ,19.24 ,19.45 ,20.61 ,-0.00 ,-0.00 ,0.01 ,10.50 ,10.13 ,10.06 ,10.21 ,1449.20 ,1053.60 ,0.82 ,100.00 ,initial ,0  ,nonempty ,None ,initial ,480.96 ,Buffering (0/1) ,None     ,None  ,None  ,10.23 ,initial   ,Buffering (0/1) ,stopped ,active_weightFixed ,None    ,on       
2022-11-15,17:51:24.402,19.89 ,19.49 ,19.25 ,19.45 ,20.61 ,-0.00 ,-0.00 ,0.01 ,10.51 ,10.13 ,10.06 ,10.21 ,1449.14 ,1053.60 ,0.82 ,100.00 ,initial ,0  ,nonempty ,None ,initial ,480.96 ,Buffering (0/1) ,None     ,None  ,None  ,10.23 ,initial   ,Buffering (0/1) ,stopped ,active_weightFixed ,None    ,on       
2022-11-15,17:51:24.944,19.89 ,19.50 ,19.25 ,19.45 ,20.61 ,-0.00 ,-0.00 ,0.01 ,10.51 ,10.13 ,10.07 ,10.21 ,1449.18 ,1053.54 ,0.82 ,100.00 ,initial ,0  ,nonempty ,None ,initial ,481.64 ,Buffering (0/1) ,None     ,None  ,None  ,10.23 ,initial   ,Buffering (0/1) ,stopped ,active_weightFixed ,None    ,on       
2022-11-15,17:51:25.485,19.89 ,19.50 ,19.25 ,19.45 ,20.61 ,-0.00 ,-0.00 ,0.01 ,10.50 ,10.13 ,10.07 ,10.21 ,1449.28 ,1053.54 ,0.82 ,100.00 ,initial ,0  ,nonempty ,None ,initial ,481.10 ,Buffering (0/1) ,None     ,None  ,None  ,10.23 ,initial   ,Buffering (0/1) ,stopped ,active_weightFixed ,None    ,on       
2022-11-15,17:51:26.025,19.89 ,19.50 ,19.25 ,19.45 ,20.61 ,0.01 ,-0.00 ,0.01 ,10.49 ,10.13 ,10.07 ,10.21 ,1449.22 ,1053.56 ,0.82 ,100.00 ,initial ,0  ,nonempty ,None ,initial ,481.10 ,Buffering (0/1) ,None     ,None  ,None  ,10.23 ,initial   ,Buffering (0/1) ,stopped ,active_weightFixed ,None    ,on       
2022-11-15,17:51:26.565,19.89 ,19.51 ,19.25 ,19.45 ,20.61 ,0.01 ,-0.00 ,0.01 ,10.49 ,10.13 ,10.07 ,10.21 ,1449.12 ,1053.60 ,0.82 ,100.00 ,initial ,0  ,nonempty ,None ,initial ,480.69 ,Buffering (0/1) ,None     ,None  ,None  ,10.23 ,initial   ,Buffering (0/1) ,stopped ,active_weightFixed ,None    ,on       
2022-11-15,17:51:27.109,19.89 ,19.51 ,19.25 ,19.45 ,20.61 ,0.01 ,-0.00 ,0.01 ,10.48 ,10.13 ,10.07 ,10.21 ,1449.14 ,1053.60 ,0.82 ,100.00 ,initial ,0  ,nonempty ,None ,initial ,480.96 ,Buffering (0/1) ,None     ,None  ,None  ,10.22 ,initial   ,Buffering (0/1) ,stopped ,active_weightFixed ,None    ,on       
2022-11-15,17:51:27.651,19.89 ,19.51 ,19.25 ,19.45 ,20.61 ,0.01 ,-0.00 ,0.01 ,10.47 ,10.13 ,10.07 ,10.21 ,1449.06 ,1053.68 ,0.82 ,100.00 ,initial ,0  ,nonempty ,None ,initial ,481.10 ,Buffering (0/1) ,None     ,None  ,None  ,10.22 ,initial   ,Buffering (0/1) ,stopped ,active_weightFixed ,None    ,on       
2022-11-15,17:51:28.191,19.89 ,19.51 ,19.25 ,19.45 ,20.61 ,0.02 ,-0.00 ,0.01 ,10.48 ,10.13 ,10.07 ,10.21 ,1448.94 ,1053.72 ,0.82 ,100.00 ,initial ,0  ,nonempty ,None ,initial ,480.83 ,Buffering (0/1) ,None     ,None  ,None  ,10.22 ,initial   ,Buffering (0/1) ,stopped ,active_weightFixed ,None    ,on       
2022-11-15,17:51:28.737,19.89 ,19.51 ,19.25 ,19.45 ,20.61 ,0.01 ,0.00 ,0.01 ,10.49 ,10.13 ,10.07 ,10.21 ,1448.98 ,1053.60 ,0.82 ,100.00 ,initial ,0  ,nonempty ,None ,initial ,481.91 ,Buffering (0/1) ,None     ,None  ,None  ,10.23 ,initial   ,Buffering (0/1) ,stopped ,active_weightFixed ,None    ,on       
2022-11-15,17:51:29.280,19.89 ,19.52 ,19.25 ,19.45 ,20.61 ,0.01 ,0.00 ,0.01 ,10.49 ,10.13 ,10.06 ,10.21 ,1448.96 ,1053.50 ,0.82 ,100.00 ,initial ,0  ,nonempty ,None ,initial ,481.37 ,Buffering (0/1) ,None     ,None  ,None  ,10.22 ,initial   ,Buffering (0/1) ,stopped ,active_weightFixed ,None    ,on       
2022-11-15,17:51:29.817,19.88 ,19.52 ,19.24 ,19.45 ,20.61 ,0.01 ,0.00 ,0.01 ,10.49 ,10.13 ,10.06 ,10.21 ,1448.96 ,1053.50 ,0.82 ,100.00 ,initial ,0  ,nonempty ,None ,initial ,480.96 ,Buffering (0/1) ,None     ,None  ,None  ,10.22 ,initial   ,Buffering (0/1) ,stopped ,active_weightFixed ,None    ,on       
2022-11-15,17:51:30.358,19.88 ,19.53 ,19.24 ,19.45 ,20.61 ,0.01 ,0.00 ,0.01 ,10.50 ,10.13 ,10.06 ,10.21 ,1448.98 ,1053.44 ,0.82 ,100.00 ,initial ,0  ,nonempty ,None ,initial ,481.50 ,Buffering (0/1) ,None     ,None  ,None  ,10.23 ,initial   ,Buffering (0/1) ,stopped ,active_weightFixed ,None    ,on       
2022-11-15,17:51:30.903,19.87 ,19.53 ,19.23 ,19.44 ,20.61 ,0.02 ,-0.00 ,0.01 ,10.49 ,10.13 ,10.06 ,10.21 ,1448.98 ,1053.38 ,0.82 ,100.00 ,initial ,0  ,nonempty ,None ,initial ,481.23 ,Buffering (0/1) ,None     ,None  ,None  ,10.22 ,initial   ,Buffering (0/1) ,stopped ,active_weightFixed ,None    ,on       
2022-11-15,17:51:31.448,19.87 ,19.53 ,19.23 ,19.44 ,20.61 ,0.02 ,-0.00 ,0.01 ,10.49 ,10.13 ,10.06 ,10.21 ,1449.06 ,1053.50 ,0.82 ,100.00 ,initial ,0  ,nonempty ,None ,initial ,481.10 ,Buffering (0/1) ,None     ,None  ,None  ,10.22 ,initial   ,Buffering (0/1) ,stopped ,active_weightFixed ,None    ,on       
2022-11-15,17:51:31.993,19.87 ,19.54 ,19.22 ,19.44 ,20.61 ,0.02 ,-0.00 ,0.00 ,10.49 ,10.13 ,10.07 ,10.21 ,1449.04 ,1053.66 ,0.82 ,100.00 ,initial ,0  ,nonempty ,None ,initial ,480.28 ,Buffering (0/1) ,None     ,None  ,None  ,10.23 ,initial   ,Buffering (0/1) ,stopped ,active_weightFixed ,None    ,on       
2022-11-15,17:51:32.535,19.87 ,19.54 ,19.22 ,19.44 ,20.61 ,0.02 ,-0.00 ,0.00 ,10.48 ,10.13 ,10.07 ,10.21 ,1449.02 ,1053.62 ,0.82 ,100.00 ,initial ,0  ,nonempty ,None ,initial ,481.23 ,Buffering (0/1) ,None     ,None  ,None  ,10.22 ,initial   ,Buffering (0/1) ,stopped ,active_weightFixed ,None    ,on       
2022-11-15,17:51:33.075,19.87 ,19.54 ,19.22 ,19.44 ,20.61 ,0.01 ,-0.00 ,0.00 ,10.48 ,10.13 ,10.07 ,10.21 ,1448.96 ,1053.72 ,0.82 ,100.00 ,initial ,0  ,nonempty ,None ,initial ,480.83 ,Buffering (0/1) ,None     ,None  ,None  ,10.22 ,initial   ,Buffering (0/1) ,stopped ,active_weightFixed ,None    ,on       
2022-11-15,17:51:33.619,19.87 ,19.54 ,19.22 ,19.44 ,20.61 ,0.01 ,-0.00 ,0.00 ,10.49 ,10.13 ,10.06 ,10.21 ,1448.96 ,1053.78 ,0.82 ,100.00 ,initial ,0  ,nonempty ,None ,initial ,480.83 ,Buffering (0/1) ,None     ,None  ,None  ,10.22 ,initial   ,Buffering (0/1) ,stopped ,active_weightFixed ,None    ,on       
2022-11-15,17:51:34.162,19.87 ,19.54 ,19.21 ,19.44 ,20.61 ,0.01 ,-0.01 ,0.01 ,10.49 ,10.13 ,10.06 ,10.21 ,1448.82 ,1053.82 ,0.82 ,100.00 ,initial ,0  ,nonempty ,None ,initial ,480.83 ,Buffering (0/1) ,None     ,None  ,None  ,10.22 ,initial   ,Buffering (0/1) ,stopped ,active_weightFixed ,None    ,on       
2022-11-15,17:51:34.704,19.86 ,19.55 ,19.21 ,19.43 ,20.61 ,0.01 ,-0.01 ,0.01 ,10.48 ,10.13 ,10.06 ,10.21 ,1448.82 ,1053.66 ,0.82 ,100.00 ,initial ,0  ,nonempty ,None ,initial ,481.37 ,Buffering (0/1) ,None     ,None  ,None  ,10.22 ,initial   ,Buffering (0/1) ,stopped ,active_weightFixed ,None    ,on       
2022-11-15,17:51:35.244,19.86 ,19.55 ,19.21 ,19.43 ,20.61 ,0.01 ,-0.01 ,0.01 ,10.49 ,10.13 ,10.07 ,10.21 ,1448.86 ,1053.76 ,0.82 ,100.00 ,initial ,0  ,nonempty ,None ,initial ,480.55 ,Buffering (0/1) ,None     ,None  ,None  ,10.23 ,initial   ,Buffering (0/1) ,stopped ,active_weightFixed ,None    ,on       
2022-11-15,17:51:35.789,19.86 ,19.56 ,19.21 ,19.44 ,20.61 ,0.00 ,-0.00 ,0.01 ,10.49 ,10.13 ,10.07 ,10.21 ,1448.90 ,1053.76 ,0.82 ,100.00 ,initial ,0  ,nonempty ,None ,initial ,480.83 ,Buffering (0/1) ,None     ,None  ,None  ,10.23 ,initial   ,Buffering (0/1) ,stopped ,active_weightFixed ,None    ,on       
2022-11-15,17:51:36.330,19.86 ,19.56 ,19.22 ,19.44 ,20.61 ,0.00 ,-0.00 ,0.01 ,10.49 ,10.13 ,10.07 ,10.21 ,1448.86 ,1053.72 ,0.82 ,100.00 ,initial ,0  ,nonempty ,None ,initial ,481.10 ,Buffering (0/1) ,None     ,None  ,None  ,10.23 ,initial   ,Buffering (0/1) ,stopped ,active_weightFixed ,None    ,on       
2022-11-15,17:51:36.875,19.85 ,19.56 ,19.22 ,19.44 ,20.61 ,0.01 ,-0.00 ,0.01 ,10.49 ,10.13 ,10.07 ,10.21 ,1448.90 ,1053.62 ,0.82 ,100.00 ,initial ,0  ,nonempty ,None ,initial ,481.50 ,Buffering (0/1) ,None     ,None  ,None  ,10.23 ,initial   ,Buffering (0/1) ,stopped ,active_weightFixed ,None    ,on       
2022-11-15,17:51:37.417,19.85 ,19.56 ,19.22 ,19.44 ,20.61 ,0.01 ,-0.00 ,0.01 ,10.49 ,10.13 ,10.07 ,10.21 ,1448.92 ,1053.62 ,0.82 ,100.00 ,initial ,0  ,nonempty ,None ,initial ,481.37 ,Buffering (0/1) ,None     ,None  ,None  ,10.23 ,initial   ,Buffering (0/1) ,stopped ,active_weightFixed ,None    ,on       
2022-11-15,17:51:37.962,19.84 ,19.56 ,19.22 ,19.44 ,20.61 ,0.01 ,-0.00 ,0.00 ,10.49 ,10.13 ,10.07 ,10.21 ,1448.94 ,1053.46 ,0.82 ,100.00 ,initial ,0  ,nonempty ,None ,initial ,481.64 ,Buffering (0/1) ,None     ,None  ,None  ,10.23 ,initial   ,Buffering (0/1) ,stopped ,active_weightFixed ,None    ,on       
2022-11-15,17:51:38.504,19.83 ,19.57 ,19.23 ,19.44 ,20.61 ,0.01 ,-0.00 ,0.00 ,10.49 ,10.13 ,10.07 ,10.21 ,1448.86 ,1053.40 ,0.82 ,100.00 ,initial ,0  ,nonempty ,None ,initial ,481.23 ,Buffering (0/1) ,None     ,None  ,None  ,10.23 ,initial   ,Buffering (0/1) ,stopped ,active_weightFixed ,None    ,on       
2022-11-15,17:51:39.041,19.82 ,19.57 ,19.23 ,19.44 ,20.61 ,-0.00 ,0.00 ,0.00 ,10.49 ,10.13 ,10.07 ,10.21 ,1448.84 ,1053.40 ,0.82 ,100.00 ,initial ,0  ,nonempty ,None ,initial ,481.10 ,Buffering (0/1) ,None     ,None  ,None  ,10.23 ,initial   ,Buffering (0/1) ,stopped ,active_weightFixed ,None    ,on       
2022-11-15,17:51:39.587,19.82 ,19.57 ,19.24 ,19.44 ,20.61 ,-0.00 ,0.00 ,0.00 ,10.48 ,10.13 ,10.06 ,10.21 ,1448.74 ,1053.50 ,0.82 ,100.00 ,initial ,0  ,nonempty ,None ,initial ,480.83 ,Buffering (0/1) ,None     ,None  ,None  ,10.22 ,initial   ,Buffering (0/1) ,stopped ,active_weightFixed ,None    ,on       
2022-11-15,17:51:40.127,19.82 ,19.57 ,19.24 ,19.44 ,20.61 ,0.00 ,0.00 ,0.00 ,10.48 ,10.13 ,10.06 ,10.21 ,1448.70 ,1053.50 ,0.82 ,100.00 ,initial ,0  ,nonempty ,None ,initial ,481.37 ,Buffering (0/1) ,None     ,None  ,None  ,10.22 ,initial   ,Buffering (0/1) ,stopped ,active_weightFixed ,None    ,on       
2022-11-15,17:51:40.672,19.81 ,19.57 ,19.24 ,19.44 ,20.61 ,0.00 ,0.00 ,0.00 ,10.48 ,10.13 ,10.06 ,10.21 ,1448.72 ,1053.54 ,0.82 ,100.00 ,initial ,0  ,nonempty ,None ,initial ,481.37 ,Buffering (0/1) ,None     ,None  ,None  ,10.22 ,initial   ,Buffering (0/1) ,stopped ,active_weightFixed ,None    ,on       
2022-11-15,17:51:41.216,19.81 ,19.57 ,19.24 ,19.44 ,20.61 ,-0.01 ,0.00 ,0.01 ,10.48 ,10.13 ,10.07 ,10.21 ,1448.68 ,1053.48 ,0.82 ,100.00 ,initial ,0  ,nonempty ,None ,initial ,481.64 ,Buffering (0/1) ,None     ,None  ,None  ,10.22 ,initial   ,Buffering (0/1) ,stopped ,active_weightFixed ,None    ,on       
2022-11-15,17:51:41.758,19.81 ,19.57 ,19.25 ,19.44 ,20.61 ,-0.01 ,0.00 ,0.01 ,10.48 ,10.13 ,10.07 ,10.21 ,1448.68 ,1053.44 ,0.82 ,100.00 ,initial ,0  ,nonempty ,None ,initial ,481.37 ,Buffering (0/1) ,None     ,None  ,None  ,10.22 ,initial   ,Buffering (0/1) ,stopped ,active_weightFixed ,None    ,on       
2022-11-15,17:51:42.298,19.81 ,19.57 ,19.25 ,19.44 ,20.61 ,-0.01 ,0.00 ,0.01 ,10.48 ,10.13 ,10.07 ,10.21 ,1448.70 ,1053.40 ,0.82 ,100.00 ,initial ,0  ,nonempty ,None ,initial ,481.10 ,Buffering (0/1) ,None     ,None  ,None  ,10.22 ,initial   ,Buffering (0/1) ,stopped ,active_weightFixed ,None    ,on       
2022-11-15,17:51:42.841,19.81 ,19.58 ,19.25 ,19.44 ,20.61 ,-0.01 ,0.00 ,0.01 ,10.48 ,10.13 ,10.07 ,10.21 ,1448.76 ,1053.32 ,0.82 ,100.00 ,initial ,0  ,nonempty ,None ,initial ,481.91 ,Buffering (0/1) ,None     ,None  ,None  ,10.22 ,initial   ,Buffering (0/1) ,stopped ,active_weightFixed ,None    ,on       
2022-11-15,17:51:43.379,19.80 ,19.58 ,19.25 ,19.44 ,20.61 ,-0.01 ,0.00 ,0.01 ,10.49 ,10.13 ,10.07 ,10.21 ,1448.66 ,1053.38 ,0.82 ,100.00 ,initial ,0  ,nonempty ,None ,initial ,480.96 ,Buffering (0/1) ,None     ,None  ,None  ,10.23 ,initial   ,Buffering (0/1) ,stopped ,active_weightFixed ,None    ,on       
2022-11-15,17:51:43.920,19.80 ,19.58 ,19.25 ,19.44 ,20.61 ,-0.00 ,0.00 ,0.01 ,10.48 ,10.13 ,10.07 ,10.21 ,1448.64 ,1053.44 ,0.82 ,100.00 ,initial ,0  ,nonempty ,None ,initial ,481.19 ,Buffering (0/1) ,None     ,None  ,None  ,10.22 ,initial   ,Buffering (0/1) ,stopped ,active_weightFixed ,None    ,on       
2022-11-15,17:51:44.462,19.80 ,19.58 ,19.25 ,19.44 ,20.61 ,-0.00 ,0.00 ,0.01 ,10.49 ,10.13 ,10.07 ,10.21 ,1448.70 ,1053.44 ,0.82 ,100.00 ,initial ,0  ,nonempty ,None ,initial ,481.32 ,Buffering (0/1) ,None     ,None  ,None  ,10.23 ,initial   ,Buffering (0/1) ,stopped ,active_weightFixed ,None    ,on       
2022-11-15,17:51:45.000,19.80 ,19.58 ,19.25 ,19.44 ,20.61 ,-0.00 ,0.00 ,0.01 ,10.49 ,10.13 ,10.07 ,10.21 ,1448.70 ,1053.26 ,0.82 ,100.00 ,initial ,0  ,nonempty ,None ,initial ,482.32 ,Buffering (0/1) ,None     ,None  ,None  ,10.23 ,initial   ,Buffering (0/1) ,stopped ,active_weightFixed ,None    ,on       
2022-11-15,17:51:45.544,19.80 ,19.58 ,19.25 ,19.44 ,20.61 ,-0.00 ,0.00 ,0.01 ,10.50 ,10.13 ,10.07 ,10.21 ,1448.66 ,1053.38 ,0.82 ,100.00 ,initial ,0  ,nonempty ,None ,initial ,481.10 ,Buffering (0/1) ,None     ,None  ,None  ,10.23 ,initial   ,Buffering (0/1) ,stopped ,active_weightFixed ,None    ,on       
2022-11-15,17:51:46.087,19.80 ,19.58 ,19.25 ,19.44 ,20.60 ,0.00 ,0.00 ,0.01 ,10.49 ,10.13 ,10.07 ,10.21 ,1448.68 ,1053.34 ,0.82 ,100.00 ,initial ,0  ,nonempty ,None ,initial ,481.19 ,Buffering (0/1) ,None     ,None  ,None  ,10.23 ,initial   ,Buffering (0/1) ,stopped ,active_weightFixed ,None    ,on       
2022-11-15,17:51:46.633,19.80 ,19.58 ,19.25 ,19.44 ,20.61 ,0.00 ,0.00 ,0.01 ,10.48 ,10.13 ,10.06 ,10.21 ,1448.76 ,1053.36 ,0.82 ,100.00 ,initial ,0  ,nonempty ,None ,initial ,481.10 ,Buffering (0/1) ,None     ,None  ,None  ,10.22 ,initial   ,Buffering (0/1) ,stopped ,active_weightFixed ,None    ,on       
2022-11-15,17:51:47.172,19.80 ,19.59 ,19.25 ,19.44 ,20.61 ,0.00 ,0.00 ,0.01 ,10.48 ,10.13 ,10.06 ,10.21 ,1448.76 ,1053.40 ,0.82 ,100.00 ,initial ,0  ,nonempty ,None ,initial ,481.10 ,Buffering (0/1) ,None     ,None  ,None  ,10.22 ,initial   ,Buffering (0/1) ,stopped ,active_weightFixed ,None    ,on       
2022-11-15,17:51:47.717,19.80 ,19.59 ,19.25 ,19.44 ,20.61 ,0.00 ,0.00 ,0.01 ,10.48 ,10.13 ,10.06 ,10.21 ,1448.76 ,1053.56 ,0.82 ,100.00 ,initial ,0  ,nonempty ,None ,initial ,481.19 ,Buffering (0/1) ,None     ,None  ,None  ,10.22 ,initial   ,Buffering (0/1) ,stopped ,active_weightFixed ,None    ,on       
2022-11-15,17:51:48.262,19.79 ,19.59 ,19.25 ,19.44 ,20.61 ,0.00 ,0.00 ,0.01 ,10.48 ,10.13 ,10.06 ,10.21 ,1448.78 ,1053.56 ,0.82 ,100.00 ,initial ,0  ,nonempty ,None ,initial ,481.10 ,Buffering (0/1) ,None     ,None  ,None  ,10.22 ,initial   ,Buffering (0/1) ,stopped ,active_weightFixed ,None    ,on       
2022-11-15,17:51:48.802,19.79 ,19.60 ,19.25 ,19.44 ,20.61 ,-0.00 ,0.00 ,0.01 ,10.50 ,10.13 ,10.06 ,10.21 ,1448.76 ,1053.52 ,0.82 ,100.00 ,initial ,0  ,nonempty ,None ,initial ,481.50 ,Buffering (0/1) ,None     ,None  ,None  ,10.23 ,initial   ,Buffering (0/1) ,stopped ,active_weightFixed ,None    ,on       
2022-11-15,17:51:49.344,19.79 ,19.60 ,19.25 ,19.44 ,20.61 ,-0.00 ,0.00 ,0.01 ,10.52 ,10.13 ,10.06 ,10.21 ,1448.66 ,1053.54 ,0.82 ,100.00 ,initial ,0  ,nonempty ,None ,initial ,480.92 ,Buffering (0/1) ,None     ,None  ,None  ,10.23 ,initial   ,Buffering (0/1) ,stopped ,active_weightFixed ,None    ,on       
2022-11-15,17:51:49.889,19.79 ,19.60 ,19.25 ,19.44 ,20.61 ,-0.00 ,0.00 ,0.00 ,10.53 ,10.13 ,10.07 ,10.21 ,1448.60 ,1053.44 ,0.82 ,100.00 ,initial ,0  ,nonempty ,None ,initial ,481.77 ,Buffering (0/1) ,None     ,None  ,None  ,10.23 ,initial   ,Buffering (0/1) ,stopped ,active_weightFixed ,None    ,on       
2022-11-15,17:51:50.431,19.79 ,19.60 ,19.25 ,19.44 ,20.61 ,-0.00 ,0.00 ,0.00 ,10.54 ,10.13 ,10.06 ,10.21 ,1448.58 ,1053.36 ,0.82 ,100.00 ,initial ,0  ,nonempty ,None ,initial ,481.77 ,Buffering (0/1) ,None     ,None  ,None  ,10.24 ,initial   ,Buffering (0/1) ,stopped ,active_weightFixed ,None    ,on       
2022-11-15,17:51:50.970,19.79 ,19.60 ,19.24 ,19.44 ,20.61 ,0.00 ,0.00 ,0.00 ,10.55 ,10.13 ,10.06 ,10.21 ,1448.60 ,1053.38 ,0.82 ,100.00 ,initial ,0  ,nonempty ,None ,initial ,480.92 ,Buffering (0/1) ,None     ,None  ,None  ,10.24 ,initial   ,Buffering (0/1) ,stopped ,active_weightFixed ,None    ,on       
2022-11-15,17:51:51.511,19.79 ,19.60 ,19.24 ,19.44 ,20.61 ,0.00 ,0.00 ,0.00 ,10.54 ,10.13 ,10.06 ,10.21 ,1448.52 ,1053.44 ,0.82 ,100.00 ,initial ,0  ,nonempty ,None ,initial ,481.10 ,Buffering (0/1) ,None     ,None  ,None  ,10.24 ,initial   ,Buffering (0/1) ,stopped ,active_weightFixed ,None    ,on       
2022-11-15,17:51:52.049,19.79 ,19.60 ,19.24 ,19.44 ,20.61 ,0.01 ,0.00 ,0.00 ,10.54 ,10.13 ,10.06 ,10.21 ,1448.60 ,1053.38 ,0.82 ,100.00 ,initial ,0  ,nonempty ,None ,initial ,481.32 ,Buffering (0/1) ,None     ,None  ,None  ,10.24 ,initial   ,Buffering (0/1) ,stopped ,active_weightFixed ,None    ,on       
2022-11-15,17:51:52.594,19.79 ,19.61 ,19.24 ,19.44 ,20.61 ,0.01 ,0.00 ,0.00 ,10.54 ,10.13 ,10.06 ,10.21 ,1448.48 ,1053.44 ,0.82 ,100.00 ,initial ,0  ,nonempty ,None ,initial ,481.37 ,Buffering (0/1) ,None     ,None  ,None  ,10.24 ,initial   ,Buffering (0/1) ,stopped ,active_weightFixed ,None    ,on       
2022-11-15,17:51:53.139,19.79 ,19.61 ,19.24 ,19.44 ,20.61 ,0.01 ,0.00 ,0.00 ,10.52 ,10.13 ,10.06 ,10.21 ,1448.58 ,1053.50 ,0.82 ,100.00 ,initial ,0  ,nonempty ,None ,initial ,481.37 ,Buffering (0/1) ,None     ,None  ,None  ,10.23 ,initial   ,Buffering (0/1) ,stopped ,active_weightFixed ,None    ,on       
2022-11-15,17:51:53.685,19.79 ,19.61 ,19.24 ,19.44 ,20.61 ,0.01 ,0.00 ,0.00 ,10.52 ,10.13 ,10.06 ,10.21 ,1448.52 ,1053.48 ,0.82 ,100.00 ,initial ,0  ,nonempty ,None ,initial ,481.10 ,Buffering (0/1) ,None     ,None  ,None  ,10.23 ,initial   ,Buffering (0/1) ,stopped ,active_weightFixed ,None    ,on       
2022-11-15,17:51:54.225,19.79 ,19.61 ,19.24 ,19.44 ,20.61 ,0.01 ,0.00 ,-0.00 ,10.51 ,10.13 ,10.06 ,10.21 ,1448.54 ,1053.42 ,0.82 ,100.00 ,initial ,0  ,nonempty ,None ,initial ,481.50 ,Buffering (0/1) ,None     ,None  ,None  ,10.23 ,initial   ,Buffering (0/1) ,stopped ,active_weightFixed ,None    ,on       
2022-11-15,17:51:54.766,19.80 ,19.61 ,19.24 ,19.44 ,20.61 ,0.01 ,0.00 ,0.00 ,10.52 ,10.13 ,10.06 ,10.21 ,1448.48 ,1053.38 ,0.82 ,100.00 ,initial ,0  ,nonempty ,None ,initial ,481.59 ,Buffering (0/1) ,None     ,None  ,None  ,10.23 ,initial   ,Buffering (0/1) ,stopped ,active_weightFixed ,None    ,on       
2022-11-15,17:51:55.309,19.80 ,19.61 ,19.24 ,19.44 ,20.61 ,0.01 ,0.00 ,0.00 ,10.52 ,10.13 ,10.06 ,10.21 ,1448.52 ,1053.40 ,0.82 ,100.00 ,initial ,0  ,nonempty ,None ,initial ,481.23 ,Buffering (0/1) ,None     ,None  ,None  ,10.23 ,initial   ,Buffering (0/1) ,stopped ,active_weightDropped ,None    ,on       
2022-11-15,17:51:55.851,19.81 ,19.61 ,19.24 ,19.44 ,20.61 ,0.00 ,0.00 ,0.00 ,10.53 ,10.13 ,10.06 ,10.21 ,1448.46 ,1053.34 ,0.82 ,100.00 ,initial ,0  ,nonempty ,None ,initial ,481.73 ,Buffering (0/1) ,None     ,None  ,None  ,10.23 ,initial   ,Buffering (0/1) ,stopped ,active_weightDropped ,None    ,on       
2022-11-15,17:51:56.391,19.81 ,19.61 ,19.24 ,19.44 ,20.61 ,0.00 ,0.00 ,0.00 ,10.53 ,10.13 ,10.06 ,10.21 ,1448.50 ,1053.30 ,0.82 ,100.00 ,initial ,0  ,nonempty ,None ,initial ,481.37 ,Buffering (0/1) ,None     ,None  ,None  ,10.23 ,initial   ,Buffering (0/1) ,stopped ,active_weightDropped ,None    ,on       
2022-11-15,17:51:56.936,19.82 ,19.61 ,19.24 ,19.45 ,20.61 ,0.00 ,0.00 ,0.00 ,10.53 ,10.13 ,10.06 ,10.21 ,1448.46 ,1053.20 ,0.82 ,100.00 ,initial ,0  ,nonempty ,None ,initial ,482.18 ,Buffering (0/1) ,None     ,None  ,None  ,10.23 ,initial   ,Buffering (0/1) ,stopped ,active_weightDropped ,None    ,on       
2022-11-15,17:51:57.483,19.82 ,19.61 ,19.24 ,19.45 ,20.61 ,0.00 ,0.00 ,0.00 ,10.51 ,10.13 ,10.06 ,10.21 ,1448.44 ,1053.16 ,0.82 ,100.00 ,initial ,0  ,nonempty ,None ,initial ,481.91 ,Buffering (0/1) ,None     ,None  ,None  ,10.23 ,initial   ,Buffering (0/1) ,stopped ,active_weightDropped ,None    ,on       
2022-11-15,17:51:58.021,19.83 ,19.60 ,19.24 ,19.45 ,20.61 ,0.00 ,0.00 ,0.00 ,10.50 ,10.13 ,10.06 ,10.21 ,1448.52 ,1053.12 ,0.82 ,100.00 ,initial ,0  ,nonempty ,None ,initial ,481.50 ,Buffering (0/1) ,None     ,None  ,None  ,10.23 ,initial   ,Buffering (0/1) ,stopped ,active_weightDropped ,None    ,on       
2022-11-15,17:51:58.563,19.83 ,19.60 ,19.24 ,19.45 ,20.61 ,0.00 ,0.00 ,0.00 ,10.49 ,10.13 ,10.06 ,10.21 ,1448.48 ,1053.10 ,0.82 ,100.00 ,initial ,0  ,nonempty ,None ,initial ,481.91 ,Buffering (0/1) ,None     ,None  ,None  ,10.22 ,initial   ,Buffering (0/1) ,stopped ,active_weightDropped ,None    ,on       
2022-11-15,17:51:59.106,19.84 ,19.60 ,19.24 ,19.45 ,20.61 ,0.00 ,0.00 ,0.01 ,10.47 ,10.13 ,10.07 ,10.21 ,1448.38 ,1053.04 ,0.82 ,100.00 ,initial ,0  ,nonempty ,None ,initial ,481.77 ,Buffering (0/1) ,None     ,None  ,None  ,10.22 ,initial   ,Buffering (0/1) ,stopped ,active_weightDropped ,None    ,on       
2022-11-15,17:51:59.652,19.84 ,19.60 ,19.24 ,19.46 ,20.61 ,0.00 ,0.00 ,0.01 ,10.47 ,10.13 ,10.07 ,10.21 ,1448.40 ,1053.06 ,0.82 ,100.00 ,initial ,0  ,nonempty ,None ,initial ,482.05 ,Buffering (0/1) ,None     ,None  ,None  ,10.22 ,initial   ,Buffering (0/1) ,stopped ,active_weightDropped ,None    ,on       
2022-11-15,17:52:00.191,19.84 ,19.60 ,19.24 ,19.46 ,20.61 ,0.00 ,0.00 ,0.00 ,10.47 ,10.13 ,10.06 ,10.21 ,1448.46 ,1053.16 ,0.82 ,100.00 ,initial ,0  ,nonempty ,None ,initial ,481.19 ,Buffering (0/1) ,None     ,None  ,None  ,10.22 ,initial   ,Buffering (0/1) ,stopped ,active_weightDropped ,None    ,on       
2022-11-15,17:52:00.738,19.85 ,19.60 ,19.25 ,19.46 ,20.61 ,0.00 ,0.00 ,0.00 ,10.46 ,10.13 ,10.06 ,10.21 ,1448.42 ,1053.06 ,0.82 ,100.00 ,initial ,0  ,nonempty ,None ,initial ,482.18 ,Buffering (0/1) ,None     ,None  ,None  ,10.22 ,initial   ,Buffering (0/1) ,stopped ,active_weightDropped ,None    ,on       
2022-11-15,17:52:01.281,19.85 ,19.60 ,19.25 ,19.46 ,20.61 ,0.00 ,0.00 ,0.00 ,10.47 ,10.13 ,10.06 ,10.21 ,1448.44 ,1053.02 ,0.82 ,100.00 ,initial ,0  ,nonempty ,None ,initial ,482.18 ,Buffering (0/1) ,None     ,None  ,None  ,10.22 ,initial   ,Buffering (0/1) ,stopped ,active_weightDropped ,None    ,on       
2022-11-15,17:52:01.821,19.85 ,19.60 ,19.25 ,19.47 ,20.61 ,-0.00 ,0.00 ,0.00 ,10.47 ,10.13 ,10.06 ,10.21 ,1448.40 ,1053.10 ,0.82 ,100.00 ,initial ,0  ,nonempty ,None ,initial ,481.23 ,Buffering (0/1) ,None     ,None  ,None  ,10.22 ,initial   ,Buffering (0/1) ,stopped ,active_weightDropped ,None    ,on       
2022-11-15,17:52:02.367,19.85 ,19.60 ,19.25 ,19.47 ,20.61 ,-0.00 ,0.00 ,0.00 ,10.48 ,10.13 ,10.06 ,10.21 ,1448.40 ,1053.10 ,0.82 ,100.00 ,initial ,0  ,nonempty ,None ,initial ,482.00 ,Buffering (0/1) ,None     ,None  ,None  ,10.22 ,initial   ,Buffering (0/1) ,stopped ,active_weightDropped ,None    ,on       
2022-11-15,17:52:02.913,19.85 ,19.60 ,19.25 ,19.47 ,20.61 ,-0.00 ,0.00 ,0.00 ,10.49 ,10.13 ,10.06 ,10.21 ,1448.34 ,1052.98 ,0.82 ,100.00 ,initial ,0  ,nonempty ,None ,initial ,482.00 ,Buffering (0/1) ,None     ,None  ,None  ,10.22 ,initial   ,Buffering (0/1) ,stopped ,active_weightDropped ,None    ,on       
2022-11-15,17:52:03.455,19.85 ,19.60 ,19.25 ,19.47 ,20.60 ,-0.00 ,0.00 ,0.00 ,10.49 ,10.13 ,10.06 ,10.21 ,1448.30 ,1053.08 ,0.82 ,100.00 ,initial ,0  ,nonempty ,None ,initial ,481.46 ,Buffering (0/1) ,None     ,None  ,None  ,10.22 ,initial   ,Buffering (0/1) ,stopped ,active_weightDropped ,None    ,on       
2022-11-15,17:52:04.006,19.85 ,19.59 ,19.25 ,19.47 ,20.60 ,-0.00 ,0.00 ,0.00 ,10.48 ,10.13 ,10.06 ,10.21 ,1448.18 ,1053.12 ,0.82 ,100.00 ,initial ,0  ,nonempty ,None ,initial ,481.87 ,Buffering (0/1) ,None     ,None  ,None  ,10.22 ,initial   ,Buffering (0/1) ,stopped ,active_weightDropped ,None    ,on       
2022-11-15,17:52:04.551,19.85 ,19.59 ,19.25 ,19.47 ,20.60 ,-0.00 ,0.00 ,0.00 ,10.47 ,10.13 ,10.06 ,10.21 ,1448.20 ,1052.96 ,0.82 ,100.00 ,initial ,0  ,nonempty ,None ,initial ,482.27 ,Buffering (0/1) ,None     ,None  ,None  ,10.22 ,initial   ,Buffering (0/1) ,stopped ,active_weightDropped ,None    ,on       
2022-11-15,17:52:05.095,19.85 ,19.59 ,19.25 ,19.47 ,20.60 ,-0.00 ,0.00 ,0.00 ,10.47 ,10.14 ,10.06 ,10.21 ,1448.16 ,1053.02 ,0.82 ,100.00 ,initial ,0  ,nonempty ,None ,initial ,481.64 ,Buffering (0/1) ,None     ,None  ,None  ,10.22 ,initial   ,Buffering (0/1) ,stopped ,active_weightDropped ,None    ,on       
2022-11-15,17:52:05.642,19.85 ,19.59 ,19.25 ,19.47 ,20.60 ,-0.00 ,0.00 ,0.00 ,10.46 ,10.14 ,10.06 ,10.21 ,1448.20 ,1053.00 ,0.82 ,100.00 ,initial ,0  ,nonempty ,None ,initial ,482.14 ,Buffering (0/1) ,None     ,None  ,None  ,10.22 ,initial   ,Buffering (0/1) ,stopped ,active_weightDropped ,None    ,on       
2022-11-15,17:52:06.189,19.85 ,19.58 ,19.26 ,19.47 ,20.60 ,-0.00 ,0.00 ,0.00 ,10.46 ,10.13 ,10.06 ,10.21 ,1448.18 ,1052.96 ,0.82 ,100.00 ,initial ,0  ,nonempty ,None ,initial ,481.73 ,Buffering (0/1) ,None     ,None  ,None  ,10.22 ,initial   ,Buffering (0/1) ,stopped ,active_weightDropped ,None    ,on       
2022-11-15,17:52:06.731,19.85 ,19.58 ,19.26 ,19.47 ,20.60 ,-0.00 ,0.00 ,0.00 ,10.47 ,10.14 ,10.06 ,10.21 ,1448.22 ,1052.92 ,0.82 ,100.00 ,initial ,0  ,nonempty ,None ,initial ,482.14 ,Buffering (0/1) ,None     ,None  ,None  ,10.22 ,initial   ,Buffering (0/1) ,stopped ,active_weightDropped ,None    ,on       
2022-11-15,17:52:07.278,19.85 ,19.58 ,19.26 ,19.48 ,20.60 ,0.02 ,-0.01 ,0.00 ,10.47 ,10.13 ,10.06 ,10.21 ,1448.34 ,1053.00 ,0.82 ,100.00 ,initial ,0  ,nonempty ,None ,initial ,481.77 ,Buffering (0/1) ,None     ,None  ,None  ,10.22 ,initial   ,Buffering (0/1) ,stopped ,active_weightDropped ,None    ,on       
2022-11-15,17:52:07.819,19.86 ,19.58 ,19.26 ,19.48 ,20.60 ,0.02 ,0.00 ,-0.00 ,10.46 ,10.13 ,10.06 ,10.21 ,1448.44 ,1053.02 ,0.82 ,100.00 ,initial ,0  ,nonempty ,None ,initial ,481.46 ,Buffering (0/1) ,None     ,None  ,None  ,10.22 ,initial   ,Buffering (0/1) ,stopped ,active_weightDropped ,None    ,on       
2022-11-15,17:52:08.364,19.86 ,19.58 ,19.26 ,19.47 ,20.60 ,0.02 ,0.00 ,-0.00 ,10.47 ,10.13 ,10.06 ,10.21 ,1448.36 ,1053.08 ,0.82 ,100.00 ,initial ,0  ,nonempty ,None ,initial ,481.77 ,Buffering (0/1) ,None     ,None  ,None  ,10.22 ,initial   ,Buffering (0/1) ,stopped ,active_weightDropped ,None    ,on       
2022-11-15,17:52:08.908,19.86 ,19.58 ,19.26 ,19.47 ,20.61 ,0.02 ,0.00 ,0.00 ,10.47 ,10.13 ,10.07 ,10.21 ,1448.32 ,1053.04 ,0.82 ,100.00 ,initial ,0  ,nonempty ,None ,initial ,482.05 ,Buffering (0/1) ,None     ,None  ,None  ,10.22 ,initial   ,Buffering (0/1) ,stopped ,active_weightDropped ,None    ,on       
2022-11-15,17:52:09.451,19.86 ,19.58 ,19.26 ,19.47 ,20.61 ,0.02 ,0.00 ,0.00 ,10.47 ,10.13 ,10.06 ,10.21 ,1448.24 ,1053.02 ,0.82 ,100.00 ,initial ,0  ,nonempty ,None ,initial ,482.27 ,Buffering (0/1) ,None     ,None  ,None  ,10.22 ,initial   ,Buffering (0/1) ,stopped ,active_weightDropped ,None    ,on       
2022-11-15,17:52:09.998,19.87 ,19.58 ,19.26 ,19.47 ,20.60 ,0.02 ,0.00 ,-0.01 ,10.47 ,10.13 ,10.06 ,10.21 ,1448.10 ,1052.88 ,0.82 ,100.00 ,initial ,0  ,nonempty ,None ,initial ,482.68 ,Buffering (0/1) ,None     ,None  ,None  ,10.22 ,initial   ,Buffering (0/1) ,stopped ,active_weightDropped ,None    ,on       
2022-11-15,17:52:10.545,19.87 ,19.59 ,19.26 ,19.47 ,20.60 ,0.02 ,0.00 ,-0.01 ,10.48 ,10.13 ,10.06 ,10.21 ,1448.12 ,1052.84 ,0.82 ,100.00 ,initial ,0  ,nonempty ,None ,initial ,481.73 ,Buffering (0/1) ,None     ,None  ,None  ,10.22 ,initial   ,Buffering (0/1) ,stopped ,active_weightDropped ,None    ,on       
2022-11-15,17:52:11.087,19.88 ,19.59 ,19.25 ,19.47 ,20.60 ,0.02 ,0.00 ,-0.00 ,10.47 ,10.13 ,10.06 ,10.21 ,1448.16 ,1052.78 ,0.82 ,100.00 ,initial ,0  ,nonempty ,None ,initial ,482.14 ,Buffering (0/1) ,None     ,None  ,None  ,10.22 ,initial   ,Buffering (0/1) ,stopped ,active_weightDropped ,None    ,on       
2022-11-15,17:52:11.637,19.89 ,19.60 ,19.25 ,19.47 ,20.60 ,0.02 ,0.00 ,-0.00 ,10.47 ,10.13 ,10.06 ,10.21 ,1448.22 ,1052.76 ,0.82 ,100.00 ,initial ,0  ,nonempty ,None ,initial ,482.14 ,Buffering (0/1) ,None     ,None  ,None  ,10.22 ,initial   ,Buffering (0/1) ,stopped ,active_weightDropped ,None    ,on       
2022-11-15,17:52:12.181,19.89 ,19.60 ,19.25 ,19.47 ,20.60 ,0.01 ,0.01 ,-0.00 ,10.46 ,10.13 ,10.06 ,10.21 ,1448.26 ,1052.82 ,0.82 ,100.00 ,initial ,0  ,nonempty ,None ,initial ,481.87 ,Buffering (0/1) ,None     ,None  ,None  ,10.22 ,initial   ,Buffering (0/1) ,stopped ,active_weightDropped ,None    ,on       
2022-11-15,17:52:12.729,19.89 ,19.60 ,19.25 ,19.47 ,20.60 ,0.01 ,0.01 ,-0.00 ,10.46 ,10.13 ,10.06 ,10.21 ,1448.22 ,1052.94 ,0.82 ,100.00 ,initial ,0  ,nonempty ,None ,initial ,481.87 ,Buffering (0/1) ,None     ,None  ,None  ,10.22 ,initial   ,Buffering (0/1) ,stopped ,active_weightDropped ,None    ,on       
2022-11-15,17:52:13.270,19.90 ,19.61 ,19.25 ,19.46 ,20.60 ,0.01 ,-0.00 ,0.01 ,10.46 ,10.13 ,10.06 ,10.21 ,1448.10 ,1053.00 ,0.82 ,100.00 ,initial ,0  ,nonempty ,None ,initial ,481.32 ,Buffering (0/1) ,None     ,None  ,None  ,10.22 ,initial   ,Buffering (0/1) ,stopped ,active_weightDropped ,None    ,on       
2022-11-15,17:52:13.815,19.90 ,19.61 ,19.25 ,19.46 ,20.60 ,0.01 ,0.00 ,0.00 ,10.45 ,10.13 ,10.06 ,10.21 ,1448.12 ,1053.00 ,0.82 ,100.00 ,initial ,0  ,nonempty ,None ,initial ,482.14 ,Buffering (0/1) ,None     ,None  ,None  ,10.21 ,initial   ,Buffering (0/1) ,stopped ,active_weightDropped ,None    ,on       
2022-11-15,17:52:14.359,19.91 ,19.62 ,19.25 ,19.46 ,20.60 ,0.01 ,0.00 ,0.00 ,10.46 ,10.13 ,10.06 ,10.21 ,1448.14 ,1052.98 ,0.82 ,100.00 ,initial ,0  ,nonempty ,None ,initial ,482.27 ,Buffering (0/1) ,None     ,None  ,None  ,10.22 ,initial   ,Buffering (0/1) ,stopped ,active_weightDropped ,None    ,on       
2022-11-15,17:52:14.904,19.91 ,19.62 ,19.25 ,19.46 ,20.60 ,0.01 ,0.00 ,0.01 ,10.47 ,10.13 ,10.06 ,10.21 ,1448.24 ,1052.98 ,0.82 ,100.00 ,initial ,0  ,nonempty ,None ,initial ,481.87 ,Buffering (0/1) ,None     ,None  ,None  ,10.22 ,initial   ,Buffering (0/1) ,stopped ,active_weightDropped ,None    ,on       
2022-11-15,17:52:15.448,19.91 ,19.63 ,19.25 ,19.46 ,20.60 ,0.01 ,0.00 ,0.01 ,10.46 ,10.13 ,10.06 ,10.21 ,1448.26 ,1052.90 ,0.82 ,100.00 ,initial ,0  ,nonempty ,None ,initial ,482.41 ,Buffering (0/1) ,None     ,None  ,None  ,10.22 ,initial   ,Buffering (0/1) ,stopped ,active_weightDropped ,None    ,on       
2022-11-15,17:52:15.994,19.92 ,19.63 ,19.25 ,19.46 ,20.60 ,0.01 ,0.00 ,0.01 ,10.46 ,10.13 ,10.06 ,10.21 ,1448.28 ,1052.92 ,0.82 ,100.00 ,initial ,0  ,nonempty ,None ,initial ,481.19 ,Buffering (0/1) ,None     ,None  ,None  ,10.22 ,initial   ,Buffering (0/1) ,stopped ,active_weightDropped ,None    ,on       
2022-11-15,17:52:16.538,19.92 ,19.64 ,19.25 ,19.46 ,20.60 ,0.01 ,0.00 ,0.01 ,10.47 ,10.13 ,10.06 ,10.21 ,1448.26 ,1052.82 ,0.82 ,100.00 ,initial ,0  ,nonempty ,None ,initial ,482.82 ,Buffering (0/1) ,None     ,None  ,None  ,10.22 ,initial   ,Buffering (0/1) ,stopped ,active_weightDropped ,None    ,on       
2022-11-15,17:52:17.083,19.92 ,19.64 ,19.26 ,19.47 ,20.60 ,0.00 ,0.00 ,0.00 ,10.45 ,10.13 ,10.06 ,10.21 ,1448.26 ,1052.84 ,0.82 ,100.00 ,initial ,0  ,nonempty ,None ,initial ,482.14 ,Buffering (0/1) ,None     ,None  ,None  ,10.21 ,initial   ,Buffering (0/1) ,stopped ,active_weightDropped ,None    ,on       
2022-11-15,17:52:17.628,19.92 ,19.65 ,19.26 ,19.47 ,20.60 ,0.00 ,0.00 ,0.00 ,10.45 ,10.13 ,10.06 ,10.21 ,1448.24 ,1052.82 ,0.82 ,100.00 ,initial ,0  ,nonempty ,None ,initial ,482.00 ,Buffering (0/1) ,None     ,None  ,None  ,10.21 ,initial   ,Buffering (0/1) ,stopped ,active_weightDropped ,None    ,on       
2022-11-15,17:52:18.173,19.92 ,19.65 ,19.26 ,19.47 ,20.60 ,0.00 ,0.00 ,0.00 ,10.46 ,10.13 ,10.06 ,10.21 ,1448.30 ,1052.92 ,0.82 ,100.00 ,initial ,0  ,nonempty ,None ,initial ,481.73 ,Buffering (0/1) ,None     ,None  ,None  ,10.22 ,initial   ,Buffering (0/1) ,stopped ,active_weightDropped ,None    ,on       
2022-11-15,17:52:18.715,19.92 ,19.65 ,19.26 ,19.46 ,20.60 ,0.00 ,0.00 ,0.00 ,10.45 ,10.13 ,10.06 ,10.21 ,1448.22 ,1052.78 ,0.82 ,100.00 ,initial ,0  ,nonempty ,None ,initial ,482.14 ,Buffering (0/1) ,None     ,None  ,None  ,10.21 ,initial   ,Buffering (0/1) ,stopped ,active_weightDropped ,None    ,on       
2022-11-15,17:52:19.258,19.92 ,19.66 ,19.25 ,19.46 ,20.60 ,0.00 ,0.00 ,0.00 ,10.46 ,10.13 ,10.06 ,10.21 ,1448.26 ,1052.90 ,0.82 ,100.00 ,initial ,0  ,nonempty ,None ,initial ,482.00 ,Buffering (0/1) ,None     ,None  ,None  ,10.22 ,initial   ,Buffering (0/1) ,stopped ,active_weightDropped ,None    ,on       
2022-11-15,17:52:19.805,19.92 ,19.66 ,19.25 ,19.46 ,20.60 ,0.00 ,0.00 ,0.00 ,10.46 ,10.13 ,10.06 ,10.21 ,1448.16 ,1052.88 ,0.82 ,100.00 ,initial ,0  ,nonempty ,None ,initial ,482.27 ,Buffering (0/1) ,None     ,None  ,None  ,10.22 ,initial   ,Buffering (0/1) ,stopped ,active_weightDropped ,None    ,on       
2022-11-15,17:52:20.355,19.92 ,19.67 ,19.25 ,19.46 ,20.60 ,0.00 ,0.00 ,0.00 ,10.47 ,10.13 ,10.06 ,10.21 ,1448.10 ,1052.84 ,0.82 ,100.00 ,initial ,0  ,nonempty ,None ,initial ,482.27 ,Buffering (0/1) ,None     ,None  ,None  ,10.22 ,initial   ,Buffering (0/1) ,stopped ,active_weightDropped ,None    ,on       
2022-11-15,17:52:20.901,19.92 ,19.67 ,19.25 ,19.46 ,20.60 ,0.01 ,0.00 ,0.00 ,10.47 ,10.14 ,10.06 ,10.21 ,1448.10 ,1052.80 ,0.82 ,100.00 ,initial ,0  ,nonempty ,None ,initial ,482.00 ,Buffering (0/1) ,None     ,None  ,None  ,10.22 ,initial   ,Buffering (0/1) ,stopped ,active_weightDropped ,None    ,on       
2022-11-15,17:52:21.445,19.92 ,19.67 ,19.25 ,19.46 ,20.60 ,0.01 ,0.00 ,0.00 ,10.47 ,10.13 ,10.06 ,10.21 ,1448.20 ,1052.76 ,0.82 ,100.00 ,initial ,0  ,nonempty ,None ,initial ,482.41 ,Buffering (0/1) ,None     ,None  ,None  ,10.22 ,initial   ,Buffering (0/1) ,stopped ,active_weightDropped ,None    ,on       
2022-11-15,17:52:21.990,19.92 ,19.68 ,19.25 ,19.46 ,20.60 ,0.01 ,0.00 ,0.00 ,10.48 ,10.13 ,10.06 ,10.21 ,1448.04 ,1052.70 ,0.82 ,100.00 ,initial ,0  ,nonempty ,None ,initial ,482.41 ,Buffering (0/1) ,None     ,None  ,None  ,10.22 ,initial   ,Buffering (0/1) ,stopped ,active_weightDropped ,None    ,on       
2022-11-15,17:52:22.535,19.92 ,19.68 ,19.25 ,19.46 ,20.60 ,0.01 ,0.00 ,0.00 ,10.48 ,10.13 ,10.06 ,10.21 ,1448.12 ,1052.66 ,0.82 ,100.00 ,initial ,0  ,nonempty ,None ,initial ,482.50 ,Buffering (0/1) ,None     ,None  ,None  ,10.22 ,initial   ,Buffering (0/1) ,stopped ,active_weightDropped ,None    ,on       
2022-11-15,17:52:23.079,19.91 ,19.68 ,19.24 ,19.46 ,20.60 ,0.01 ,0.00 ,-0.00 ,10.47 ,10.13 ,10.06 ,10.21 ,1448.12 ,1052.60 ,0.82 ,100.00 ,initial ,0  ,nonempty ,None ,initial ,482.68 ,Buffering (0/1) ,None     ,None  ,None  ,10.22 ,initial   ,Buffering (0/1) ,stopped ,active_weightDropped ,None    ,on       
2022-11-15,17:52:23.625,19.91 ,19.68 ,19.24 ,19.46 ,20.60 ,0.01 ,0.00 ,-0.00 ,10.47 ,10.13 ,10.06 ,10.21 ,1448.04 ,1052.54 ,0.82 ,100.00 ,initial ,0  ,nonempty ,None ,initial ,482.41 ,Buffering (0/1) ,None     ,None  ,None  ,10.22 ,initial   ,Buffering (0/1) ,stopped ,active_weightDropped ,None    ,on       
2022-11-15,17:52:24.174,19.91 ,19.68 ,19.24 ,19.46 ,20.60 ,0.01 ,0.00 ,-0.00 ,10.47 ,10.13 ,10.06 ,10.21 ,1447.98 ,1052.50 ,0.82 ,100.00 ,initial ,0  ,nonempty ,None ,initial ,482.68 ,Buffering (0/1) ,None     ,None  ,None  ,10.22 ,initial   ,Buffering (0/1) ,stopped ,active_weightDropped ,None    ,on       
2022-11-15,17:52:24.718,19.91 ,19.68 ,19.24 ,19.46 ,20.60 ,0.01 ,0.00 ,-0.00 ,10.46 ,10.13 ,10.06 ,10.21 ,1448.14 ,1052.46 ,0.82 ,100.00 ,initial ,0  ,nonempty ,None ,initial ,482.68 ,Buffering (0/1) ,None     ,None  ,None  ,10.22 ,initial   ,Buffering (0/1) ,stopped ,active_weightDropped ,None    ,on       
2022-11-15,17:52:25.262,19.91 ,19.69 ,19.24 ,19.47 ,20.60 ,0.01 ,0.00 ,-0.01 ,10.47 ,10.13 ,10.06 ,10.21 ,1448.10 ,1052.48 ,0.82 ,100.00 ,initial ,0  ,nonempty ,None ,initial ,482.41 ,Buffering (0/1) ,None     ,None  ,None  ,10.22 ,initial   ,Buffering (0/1) ,stopped ,active_weightDropped ,None    ,on       
2022-11-15,17:52:25.811,19.91 ,19.69 ,19.24 ,19.47 ,20.60 ,0.00 ,0.00 ,-0.02 ,10.47 ,10.13 ,10.06 ,10.21 ,1448.10 ,1052.46 ,0.82 ,100.00 ,initial ,0  ,nonempty ,None ,initial ,482.82 ,Buffering (0/1) ,None     ,None  ,None  ,10.22 ,initial   ,Buffering (0/1) ,stopped ,active_weightDropped ,None    ,on       
2022-11-15,17:52:26.357,19.91 ,19.70 ,19.24 ,19.47 ,20.60 ,0.00 ,0.00 ,-0.02 ,10.48 ,10.13 ,10.06 ,10.21 ,1448.16 ,1052.36 ,0.82 ,100.00 ,initial ,0  ,nonempty ,None ,initial ,483.09 ,Buffering (0/1) ,None     ,None  ,None  ,10.22 ,initial   ,Buffering (0/1) ,stopped ,active_weightDropped ,None    ,on       
2022-11-15,17:52:26.901,19.90 ,19.70 ,19.24 ,19.47 ,20.60 ,0.00 ,0.00 ,-0.02 ,10.48 ,10.13 ,10.06 ,10.21 ,1448.14 ,1052.46 ,0.82 ,100.00 ,initial ,0  ,nonempty ,None ,initial ,482.00 ,Buffering (0/1) ,None     ,None  ,None  ,10.22 ,initial   ,Buffering (0/1) ,stopped ,active_weightDropped ,None    ,on       
2022-11-15,17:52:27.447,19.90 ,19.70 ,19.24 ,19.47 ,20.60 ,0.00 ,0.00 ,-0.02 ,10.48 ,10.13 ,10.06 ,10.21 ,1448.04 ,1052.48 ,0.82 ,100.00 ,initial ,0  ,nonempty ,None ,initial ,482.54 ,Buffering (0/1) ,None     ,None  ,None  ,10.22 ,initial   ,Buffering (0/1) ,stopped ,active_weightDropped ,None    ,on       
2022-11-15,17:52:27.987,19.90 ,19.70 ,19.25 ,19.47 ,20.60 ,0.00 ,0.00 ,-0.01 ,10.48 ,10.13 ,10.06 ,10.21 ,1447.98 ,1052.48 ,0.82 ,100.00 ,initial ,0  ,nonempty ,None ,initial ,482.41 ,Buffering (0/1) ,None     ,None  ,None  ,10.22 ,initial   ,Buffering (0/1) ,stopped ,sleeping_weightDropped ,None    ,on       
2022-11-15,17:52:28.532,19.90 ,19.70 ,19.25 ,19.47 ,20.60 ,0.00 ,0.00 ,-0.01 ,10.50 ,10.13 ,10.07 ,10.21 ,1447.98 ,1052.50 ,0.82 ,100.00 ,initial ,0  ,nonempty ,None ,initial ,482.68 ,Buffering (0/1) ,None     ,None  ,None  ,10.23 ,initial   ,Buffering (0/1) ,stopped ,sleeping_weightDropped ,None    ,on       
2022-11-15,17:52:29.075,19.90 ,19.70 ,19.25 ,19.48 ,20.60 ,0.00 ,0.00 ,-0.01 ,10.49 ,10.13 ,10.06 ,10.21 ,1447.92 ,1052.52 ,0.82 ,100.00 ,initial ,0  ,nonempty ,None ,initial ,482.95 ,Buffering (0/1) ,None     ,None  ,None  ,10.22 ,initial   ,Buffering (0/1) ,stopped ,sleeping_weightDropped ,None    ,on       
2022-11-15,17:52:29.618,19.89 ,19.70 ,19.25 ,19.48 ,20.60 ,0.00 ,0.00 ,-0.01 ,10.50 ,10.13 ,10.06 ,10.21 ,1447.92 ,1052.40 ,0.82 ,100.00 ,initial ,0  ,nonempty ,None ,initial ,482.82 ,Buffering (0/1) ,None     ,None  ,None  ,10.23 ,initial   ,Buffering (0/1) ,stopped ,sleeping_weightDropped ,None    ,on       
2022-11-15,17:52:30.163,19.89 ,19.70 ,19.25 ,19.48 ,20.60 ,0.00 ,0.00 ,0.00 ,10.50 ,10.13 ,10.06 ,10.21 ,1447.98 ,1052.44 ,0.82 ,100.00 ,initial ,0  ,nonempty ,None ,initial ,482.27 ,Buffering (0/1) ,None     ,None  ,None  ,10.23 ,initial   ,Buffering (0/1) ,stopped ,sleeping_weightDropped ,None    ,on       
2022-11-15,17:52:30.706,19.89 ,19.71 ,19.25 ,19.48 ,20.60 ,0.00 ,0.00 ,0.00 ,10.51 ,10.13 ,10.06 ,10.21 ,1448.02 ,1052.38 ,0.82 ,100.00 ,initial ,0  ,nonempty ,None ,initial ,482.82 ,Buffering (0/1) ,None     ,None  ,None  ,10.23 ,initial   ,Buffering (0/1) ,stopped ,sleeping_weightDropped ,None    ,on       
2022-11-15,17:52:31.251,19.89 ,19.71 ,19.25 ,19.49 ,20.60 ,0.00 ,0.00 ,0.01 ,10.49 ,10.13 ,10.06 ,10.21 ,1447.96 ,1052.38 ,0.82 ,100.00 ,initial ,0  ,nonempty ,None ,initial ,482.68 ,Buffering (0/1) ,None     ,None  ,None  ,10.22 ,initial   ,Buffering (0/1) ,stopped ,sleeping_weightDropped ,None    ,on       
2022-11-15,17:52:31.795,19.88 ,19.71 ,19.26 ,19.49 ,20.60 ,0.00 ,0.00 ,0.01 ,10.50 ,10.13 ,10.06 ,10.21 ,1447.92 ,1052.38 ,0.82 ,100.00 ,initial ,0  ,nonempty ,None ,initial ,482.95 ,Buffering (0/1) ,None     ,None  ,None  ,10.23 ,initial   ,Buffering (0/1) ,stopped ,sleeping_weightDropped ,None    ,on       
2022-11-15,17:52:32.341,19.88 ,19.70 ,19.26 ,19.49 ,20.60 ,0.00 ,-0.00 ,0.01 ,10.50 ,10.13 ,10.06 ,10.21 ,1448.00 ,1052.46 ,0.82 ,100.00 ,initial ,0  ,nonempty ,None ,initial ,482.27 ,Buffering (0/1) ,None     ,None  ,None  ,10.23 ,initial   ,Buffering (0/1) ,stopped ,sleeping_weightDropped ,None    ,on       
2022-11-15,17:52:32.888,19.88 ,19.70 ,19.27 ,19.49 ,20.60 ,0.00 ,-0.00 ,0.00 ,10.51 ,10.13 ,10.06 ,10.21 ,1447.90 ,1052.40 ,0.82 ,100.00 ,initial ,0  ,nonempty ,None ,initial ,482.68 ,Buffering (0/1) ,None     ,None  ,None  ,10.23 ,initial   ,Buffering (0/1) ,stopped ,sleeping_weightDropped ,None    ,on       
2022-11-15,17:52:33.430,19.88 ,19.70 ,19.27 ,19.49 ,20.60 ,0.00 ,-0.00 ,0.00 ,10.51 ,10.13 ,10.06 ,10.21 ,1447.88 ,1052.44 ,0.82 ,100.00 ,initial ,0  ,nonempty ,None ,initial ,482.54 ,Buffering (0/1) ,None     ,None  ,None  ,10.23 ,initial   ,Buffering (0/1) ,stopped ,sleeping_weightDropped ,None    ,on       
2022-11-15,17:52:33.974,19.88 ,19.70 ,19.28 ,19.49 ,20.60 ,0.00 ,-0.00 ,0.01 ,10.53 ,10.13 ,10.06 ,10.21 ,1448.00 ,1052.44 ,0.82 ,100.00 ,initial ,0  ,nonempty ,None ,initial ,482.68 ,Buffering (0/1) ,None     ,None  ,None  ,10.23 ,initial   ,Buffering (0/1) ,stopped ,sleeping_weightDropped ,None    ,on       
2022-11-15,17:52:34.519,19.88 ,19.70 ,19.28 ,19.50 ,20.60 ,0.00 ,-0.00 ,0.01 ,10.54 ,10.13 ,10.06 ,10.21 ,1448.14 ,1052.46 ,0.82 ,100.00 ,initial ,0  ,nonempty ,None ,initial ,482.82 ,Buffering (0/1) ,None     ,None  ,None  ,10.24 ,initial   ,Buffering (0/1) ,stopped ,sleeping_weightDropped ,None    ,on       
2022-11-15,17:52:35.064,19.88 ,19.71 ,19.28 ,19.50 ,20.60 ,0.00 ,-0.00 ,0.01 ,10.54 ,10.13 ,10.06 ,10.21 ,1448.02 ,1052.40 ,0.82 ,100.00 ,initial ,0  ,nonempty ,None ,initial ,482.68 ,Buffering (0/1) ,None     ,None  ,None  ,10.24 ,initial   ,Buffering (0/1) ,stopped ,sleeping_weightDropped ,None    ,on       
2022-11-15,17:52:35.607,19.87 ,19.71 ,19.29 ,19.50 ,20.60 ,0.00 ,-0.00 ,0.01 ,10.54 ,10.13 ,10.06 ,10.21 ,1448.08 ,1052.32 ,0.82 ,100.00 ,initial ,0  ,nonempty ,None ,initial ,483.22 ,Buffering (0/1) ,None     ,None  ,None  ,10.24 ,initial   ,Buffering (0/1) ,stopped ,sleeping_weightDropped ,None    ,on       
2022-11-15,17:52:36.155,19.87 ,19.71 ,19.29 ,19.51 ,20.60 ,0.00 ,-0.00 ,0.01 ,10.52 ,10.13 ,10.06 ,10.21 ,1448.08 ,1052.28 ,0.82 ,100.00 ,initial ,0  ,nonempty ,None ,initial ,482.82 ,Buffering (0/1) ,None     ,None  ,None  ,10.23 ,initial   ,Buffering (0/1) ,stopped ,sleeping_weightDropped ,None    ,on       
2022-11-15,17:52:36.700,19.86 ,19.71 ,19.30 ,19.51 ,20.60 ,0.00 ,-0.00 ,0.01 ,10.52 ,10.13 ,10.06 ,10.21 ,1448.02 ,1052.16 ,0.82 ,100.00 ,initial ,0  ,nonempty ,None ,initial ,483.49 ,Buffering (0/1) ,None     ,None  ,None  ,10.23 ,initial   ,Buffering (0/1) ,stopped ,sleeping_weightDropped ,None    ,on       
2022-11-15,17:52:37.243,19.86 ,19.72 ,19.30 ,19.51 ,20.60 ,0.00 ,0.00 ,0.00 ,10.50 ,10.13 ,10.06 ,10.21 ,1447.84 ,1052.06 ,0.82 ,100.00 ,initial ,0  ,nonempty ,None ,initial ,483.49 ,Buffering (0/1) ,None     ,None  ,None  ,10.23 ,initial   ,Buffering (0/1) ,stopped ,sleeping_weightDropped ,None    ,on       
2022-11-15,17:52:37.785,19.86 ,19.72 ,19.30 ,19.51 ,20.60 ,0.00 ,0.00 ,0.00 ,10.50 ,10.13 ,10.06 ,10.21 ,1447.86 ,1052.02 ,0.82 ,100.00 ,initial ,0  ,nonempty ,None ,initial ,482.95 ,Buffering (0/1) ,None     ,None  ,None  ,10.23 ,initial   ,Buffering (0/1) ,stopped ,sleeping_weightDropped ,None    ,on       
2022-11-15,17:52:38.329,19.86 ,19.72 ,19.31 ,19.51 ,20.60 ,0.00 ,0.00 ,0.00 ,10.49 ,10.13 ,10.06 ,10.21 ,1447.78 ,1052.08 ,0.82 ,100.00 ,initial ,0  ,nonempty ,None ,initial ,482.82 ,Buffering (0/1) ,None     ,None  ,None  ,10.22 ,initial   ,Buffering (0/1) ,stopped ,sleeping_weightDropped ,None    ,on       
2022-11-15,17:52:38.869,19.86 ,19.72 ,19.31 ,19.50 ,20.60 ,0.00 ,0.00 ,0.00 ,10.49 ,10.13 ,10.06 ,10.21 ,1447.78 ,1052.00 ,0.82 ,100.00 ,initial ,0  ,nonempty ,None ,initial ,483.36 ,Buffering (0/1) ,None     ,None  ,None  ,10.22 ,initial   ,Buffering (0/1) ,stopped ,sleeping_weightDropped ,None    ,on       
2022-11-15,17:52:39.414,19.86 ,19.72 ,19.31 ,19.50 ,20.60 ,0.00 ,0.00 ,0.00 ,10.48 ,10.13 ,10.06 ,10.21 ,1447.64 ,1052.06 ,0.82 ,100.00 ,initial ,0  ,nonempty ,None ,initial ,483.09 ,Buffering (0/1) ,None     ,None  ,None  ,10.22 ,initial   ,Buffering (0/1) ,stopped ,sleeping_weightDropped ,None    ,on       
2022-11-15,17:52:39.955,19.85 ,19.72 ,19.32 ,19.50 ,20.60 ,0.00 ,-0.00 ,0.00 ,10.49 ,10.13 ,10.06 ,10.21 ,1447.78 ,1052.12 ,0.82 ,100.00 ,initial ,0  ,nonempty ,None ,initial ,483.05 ,Buffering (0/1) ,None     ,None  ,None  ,10.22 ,initial   ,Buffering (0/1) ,stopped ,sleeping_weightDropped ,None    ,on       
2022-11-15,17:52:40.500,19.85 ,19.72 ,19.32 ,19.50 ,20.60 ,0.00 ,-0.00 ,0.00 ,10.48 ,10.13 ,10.06 ,10.21 ,1447.72 ,1052.16 ,0.82 ,100.00 ,initial ,0  ,nonempty ,None ,initial ,482.68 ,Buffering (0/1) ,None     ,None  ,None  ,10.22 ,initial   ,Buffering (0/1) ,stopped ,sleeping_weightDropped ,None    ,on       
2022-11-15,17:52:41.050,19.84 ,19.72 ,19.32 ,19.51 ,20.60 ,0.00 ,-0.00 ,0.01 ,10.47 ,10.13 ,10.06 ,10.21 ,1447.78 ,1052.12 ,0.82 ,100.00 ,initial ,0  ,nonempty ,None ,initial ,483.09 ,Buffering (0/1) ,None     ,None  ,None  ,10.22 ,initial   ,Buffering (0/1) ,stopped ,sleeping_weightDropped ,None    ,on       
2022-11-15,17:52:41.592,19.84 ,19.72 ,19.33 ,19.51 ,20.60 ,0.00 ,-0.00 ,0.01 ,10.46 ,10.13 ,10.06 ,10.21 ,1447.74 ,1052.22 ,0.82 ,100.00 ,initial ,0  ,nonempty ,None ,initial ,482.68 ,Buffering (0/1) ,None     ,None  ,None  ,10.22 ,initial   ,Buffering (0/1) ,stopped ,sleeping_weightDropped ,None    ,on       
2022-11-15,17:52:42.137,19.84 ,19.72 ,19.33 ,19.51 ,20.60 ,0.00 ,-0.01 ,0.01 ,10.46 ,10.13 ,10.06 ,10.21 ,1447.86 ,1052.20 ,0.82 ,100.00 ,initial ,0  ,nonempty ,None ,initial ,483.22 ,Buffering (0/1) ,None     ,None  ,None  ,10.22 ,initial   ,Buffering (0/1) ,stopped ,sleeping_weightDropped ,None    ,on       
2022-11-15,17:52:42.683,19.84 ,19.73 ,19.33 ,19.51 ,20.60 ,0.00 ,-0.01 ,0.01 ,10.46 ,10.13 ,10.06 ,10.21 ,1447.78 ,1052.10 ,0.81 ,100.00 ,initial ,0  ,nonempty ,None ,initial ,483.77 ,Buffering (0/1) ,None     ,None  ,None  ,10.22 ,initial   ,Buffering (0/1) ,stopped ,sleeping_weightDropped ,None    ,on       
2022-11-15,17:52:43.232,19.84 ,19.73 ,19.33 ,19.52 ,20.60 ,-0.00 ,-0.04 ,0.01 ,10.45 ,10.13 ,10.06 ,10.21 ,1447.82 ,1052.00 ,0.81 ,100.00 ,initial ,0  ,nonempty ,None ,initial ,483.36 ,Buffering (0/1) ,None     ,None  ,None  ,10.21 ,initial   ,Buffering (0/1) ,stopped ,sleeping_weightDropped ,None    ,on       
2022-11-15,17:52:43.776,19.84 ,19.73 ,19.33 ,19.52 ,20.60 ,-0.00 ,-0.04 ,0.01 ,10.45 ,10.13 ,10.07 ,10.21 ,1447.78 ,1051.96 ,0.81 ,100.00 ,initial ,0  ,nonempty ,None ,initial ,483.36 ,Buffering (0/1) ,None     ,None  ,None  ,10.21 ,initial   ,Buffering (0/1) ,stopped ,sleeping_weightDropped ,None    ,on       
2022-11-15,17:52:44.316,19.83 ,19.73 ,19.33 ,19.52 ,20.60 ,-0.00 ,-0.02 ,0.01 ,10.45 ,10.13 ,10.07 ,10.21 ,1447.82 ,1051.92 ,0.83 ,100.00 ,initial ,0  ,nonempty ,None ,initial ,482.95 ,Buffering (0/1) ,None     ,None  ,None  ,10.21 ,initial   ,Buffering (0/1) ,stopped ,sleeping_weightDropped ,None    ,on       
2022-11-15,17:52:44.861,19.83 ,19.72 ,19.33 ,19.52 ,20.60 ,0.04 ,-0.04 ,0.00 ,10.44 ,10.13 ,10.07 ,10.21 ,1447.80 ,1051.92 ,0.83 ,100.00 ,initial ,0  ,nonempty ,None ,initial ,483.18 ,Buffering (0/1) ,None     ,None  ,None  ,10.21 ,initial   ,Buffering (0/1) ,stopped ,sleeping_weightDropped ,None    ,on       
2022-11-15,17:52:45.406,19.83 ,19.72 ,19.32 ,19.53 ,20.60 ,0.04 ,-0.04 ,0.00 ,10.45 ,10.13 ,10.07 ,10.21 ,1447.80 ,1051.96 ,0.83 ,100.00 ,initial ,0  ,nonempty ,None ,initial ,483.45 ,Buffering (0/1) ,None     ,None  ,None  ,10.21 ,initial   ,Buffering (0/1) ,stopped ,sleeping_weightDropped ,None    ,on       
2022-11-15,17:52:45.948,19.84 ,19.71 ,19.32 ,19.53 ,20.60 ,0.03 ,-0.02 ,-0.00 ,10.44 ,10.13 ,10.07 ,10.21 ,1447.84 ,1051.94 ,0.83 ,100.00 ,initial ,0  ,nonempty ,None ,initial ,483.49 ,Buffering (0/1) ,None     ,None  ,None  ,10.21 ,initial   ,Buffering (0/1) ,stopped ,sleeping_weightDropped ,None    ,on       
2022-11-15,17:52:46.492,19.84 ,19.71 ,19.32 ,19.53 ,20.60 ,0.03 ,-0.02 ,-0.00 ,10.44 ,10.13 ,10.07 ,10.21 ,1447.80 ,1052.10 ,0.82 ,100.00 ,initial ,0  ,nonempty ,None ,initial ,482.27 ,Buffering (0/1) ,None     ,None  ,None  ,10.21 ,initial   ,Buffering (0/1) ,stopped ,sleeping_weightDropped ,None    ,on       
2022-11-15,17:52:47.031,19.84 ,19.70 ,19.32 ,19.53 ,20.59 ,0.03 ,0.02 ,-0.01 ,10.44 ,10.13 ,10.07 ,10.21 ,1447.82 ,1052.14 ,0.82 ,100.00 ,initial ,0  ,nonempty ,None ,initial ,482.64 ,Buffering (0/1) ,None     ,None  ,None  ,10.21 ,initial   ,Buffering (0/1) ,stopped ,sleeping_weightDropped ,None    ,on       
2022-11-15,17:52:47.580,19.84 ,19.69 ,19.32 ,19.54 ,20.60 ,0.03 ,0.02 ,-0.01 ,10.44 ,10.13 ,10.07 ,10.21 ,1447.80 ,1052.18 ,0.81 ,100.00 ,initial ,0  ,nonempty ,None ,initial ,482.95 ,Buffering (0/1) ,None     ,None  ,None  ,10.21 ,initial   ,Buffering (0/1) ,stopped ,sleeping_weightDropped ,None    ,on       
2022-11-15,17:52:48.130,19.85 ,19.68 ,19.32 ,19.54 ,20.60 ,0.06 ,0.02 ,-0.00 ,10.44 ,10.13 ,10.06 ,10.21 ,1447.82 ,1052.22 ,0.82 ,100.00 ,initial ,0  ,nonempty ,None ,initial ,483.18 ,Buffering (0/1) ,None     ,None  ,None  ,10.21 ,initial   ,Buffering (0/1) ,stopped ,sleeping_weightDropped ,None    ,on       
2022-11-15,17:52:48.675,19.85 ,19.68 ,19.31 ,19.54 ,20.60 ,0.06 ,0.02 ,-0.00 ,10.45 ,10.13 ,10.06 ,10.21 ,1447.70 ,1052.16 ,0.81 ,100.00 ,initial ,0  ,nonempty ,None ,initial ,483.90 ,Buffering (0/1) ,None     ,None  ,None  ,10.21 ,initial   ,Buffering (0/1) ,stopped ,sleeping_weightDropped ,None    ,on       
2022-11-15,17:52:49.223,19.86 ,19.67 ,19.31 ,19.54 ,20.60 ,0.07 ,0.00 ,-0.00 ,10.44 ,10.13 ,10.06 ,10.21 ,1447.72 ,1052.00 ,0.81 ,100.00 ,initial ,0  ,nonempty ,None ,initial ,483.36 ,Buffering (0/1) ,None     ,None  ,None  ,10.21 ,initial   ,Buffering (0/1) ,stopped ,sleeping_weightDropped ,None    ,on       
2022-11-15,17:52:49.768,19.86 ,19.67 ,19.31 ,19.54 ,20.60 ,0.07 ,0.00 ,-0.00 ,10.45 ,10.13 ,10.06 ,10.21 ,1447.68 ,1051.96 ,0.80 ,100.00 ,initial ,0  ,nonempty ,None ,initial ,482.95 ,Buffering (0/1) ,None     ,None  ,None  ,10.21 ,initial   ,Buffering (0/1) ,stopped ,sleeping_weightDropped ,None    ,on       
2022-11-15,17:52:50.312,19.87 ,19.66 ,19.31 ,19.54 ,20.60 ,0.07 ,0.03 ,0.01 ,10.45 ,10.13 ,10.06 ,10.21 ,1447.58 ,1051.92 ,0.74 ,100.00 ,initial ,0  ,nonempty ,None ,initial ,483.22 ,Buffering (0/1) ,None     ,None  ,None  ,10.21 ,initial   ,Buffering (0/1) ,stopped ,sleeping_weightDropped ,None    ,on       
2022-11-15,17:52:50.857,19.88 ,19.66 ,19.31 ,19.55 ,20.60 ,0.08 ,-0.03 ,0.02 ,10.45 ,10.13 ,10.06 ,10.21 ,1447.48 ,1051.98 ,0.74 ,100.00 ,initial ,0  ,nonempty ,None ,initial ,482.78 ,Buffering (0/1) ,None     ,None  ,None  ,10.21 ,initial   ,Buffering (0/1) ,stopped ,sleeping_weightDropped ,None    ,on       
2022-11-15,17:52:51.398,19.89 ,19.66 ,19.31 ,19.55 ,20.60 ,0.08 ,-0.03 ,0.02 ,10.46 ,10.13 ,10.06 ,10.21 ,1447.56 ,1052.04 ,0.74 ,100.00 ,initial ,0  ,nonempty ,None ,initial ,483.49 ,Buffering (0/1) ,None     ,None  ,None  ,10.22 ,initial   ,Buffering (0/1) ,stopped ,sleeping_weightDropped ,None    ,on       
2022-11-15,17:52:51.941,19.89 ,19.66 ,19.31 ,19.55 ,20.60 ,0.07 ,-0.04 ,0.02 ,10.46 ,10.13 ,10.06 ,10.21 ,1447.56 ,1052.04 ,0.78 ,100.00 ,initial ,0  ,nonempty ,None ,initial ,483.36 ,Buffering (0/1) ,None     ,None  ,None  ,10.22 ,initial   ,Buffering (0/1) ,stopped ,sleeping_weightDropped ,None    ,on       
2022-11-15,17:52:52.484,19.90 ,19.66 ,19.31 ,19.55 ,20.60 ,0.07 ,-0.04 ,0.02 ,10.45 ,10.13 ,10.06 ,10.21 ,1447.50 ,1052.00 ,0.81 ,100.00 ,initial ,0  ,nonempty ,None ,initial ,483.22 ,Buffering (0/1) ,None     ,None  ,None  ,10.21 ,initial   ,Buffering (0/1) ,stopped ,sleeping_weightDropped ,None    ,on       
2022-11-15,17:52:53.028,19.91 ,19.66 ,19.31 ,19.55 ,20.60 ,0.05 ,-0.02 ,0.01 ,10.45 ,10.13 ,10.06 ,10.21 ,1447.66 ,1051.96 ,0.81 ,100.00 ,initial ,0  ,nonempty ,None ,initial ,483.45 ,Buffering (0/1) ,None     ,None  ,None  ,10.21 ,initial   ,Buffering (0/1) ,stopped ,sleeping_weightDropped ,None    ,on       
2022-11-15,17:52:53.577,19.91 ,19.66 ,19.31 ,19.56 ,20.60 ,0.05 ,-0.02 ,0.01 ,10.45 ,10.13 ,10.06 ,10.21 ,1447.62 ,1051.82 ,0.81 ,100.00 ,initial ,0  ,nonempty ,None ,initial ,483.73 ,Buffering (0/1) ,None     ,None  ,None  ,10.21 ,initial   ,Buffering (0/1) ,stopped ,sleeping_weightDropped ,None    ,on       
2022-11-15,17:52:54.118,19.92 ,19.65 ,19.31 ,19.56 ,20.59 ,0.04 ,-0.02 ,0.01 ,10.45 ,10.13 ,10.06 ,10.21 ,1447.62 ,1051.78 ,0.81 ,100.00 ,initial ,0  ,nonempty ,None ,initial ,483.73 ,Buffering (0/1) ,None     ,None  ,None  ,10.21 ,initial   ,Buffering (0/1) ,stopped ,sleeping_weightDropped ,None    ,on       
2022-11-15,17:52:54.667,19.92 ,19.65 ,19.30 ,19.56 ,20.59 ,0.04 ,-0.02 ,0.01 ,10.45 ,10.13 ,10.06 ,10.21 ,1447.66 ,1051.74 ,0.81 ,100.00 ,initial ,0  ,nonempty ,None ,initial ,483.63 ,Buffering (0/1) ,None     ,None  ,None  ,10.21 ,initial   ,Buffering (0/1) ,stopped ,sleeping_weightDropped ,None    ,on       
2022-11-15,17:52:55.212,19.93 ,19.65 ,19.30 ,19.56 ,20.59 ,0.01 ,-0.02 ,0.00 ,10.46 ,10.13 ,10.06 ,10.21 ,1447.74 ,1051.76 ,0.81 ,100.00 ,initial ,0  ,nonempty ,None ,initial ,483.09 ,Buffering (0/1) ,None     ,None  ,None  ,10.22 ,initial   ,Buffering (0/1) ,stopped ,sleeping_weightDropped ,None    ,on       
2022-11-15,17:52:55.757,19.93 ,19.64 ,19.30 ,19.56 ,20.60 ,0.01 ,-0.02 ,0.00 ,10.46 ,10.13 ,10.06 ,10.21 ,1447.68 ,1051.74 ,0.81 ,100.00 ,initial ,0  ,nonempty ,None ,initial ,483.63 ,Buffering (0/1) ,None     ,None  ,None  ,10.22 ,initial   ,Buffering (0/1) ,stopped ,sleeping_weightDropped ,None    ,on       
2022-11-15,17:52:56.306,19.93 ,19.64 ,19.30 ,19.56 ,20.60 ,0.01 ,0.01 ,-0.01 ,10.46 ,10.13 ,10.06 ,10.21 ,1447.80 ,1051.76 ,0.81 ,100.00 ,initial ,0  ,nonempty ,None ,initial ,483.63 ,Buffering (0/1) ,None     ,None  ,None  ,10.22 ,initial   ,Buffering (0/1) ,stopped ,sleeping_weightDropped ,None    ,on       
2022-11-15,17:52:56.856,19.93 ,19.64 ,19.30 ,19.57 ,20.60 ,0.01 ,0.01 ,-0.01 ,10.46 ,10.13 ,10.06 ,10.21 ,1447.84 ,1051.80 ,0.81 ,100.00 ,initial ,0  ,nonempty ,None ,initial ,483.45 ,Buffering (0/1) ,None     ,None  ,None  ,10.22 ,initial   ,Buffering (0/1) ,stopped ,sleeping_weightDropped ,None    ,on       
2022-11-15,17:52:57.402,19.94 ,19.64 ,19.30 ,19.57 ,20.60 ,0.01 ,-0.01 ,0.01 ,10.47 ,10.13 ,10.06 ,10.21 ,1447.72 ,1051.82 ,0.81 ,100.00 ,initial ,0  ,nonempty ,None ,initial ,483.45 ,Buffering (0/1) ,None     ,None  ,None  ,10.22 ,initial   ,Buffering (0/1) ,stopped ,sleeping_weightDropped ,None    ,on       
